,target,feature,weight,,,,,Sno.,target,feature,weight
0,brazilian,cachaca,11.3825843,,,,,350,indian,curry,11.37629229
1,brazilian,manioc,7.689332985,,,,,351,indian,masala,8.404190316
2,brazilian,tapioca,7.152878505,,,,,352,indian,cardamom,8.099741894
3,brazilian,açai,7.103011569,,,,,353,indian,yogurt,7.171339975
4,brazilian,collard,6.627968778,,,,,354,indian,yoghurt,7.1116075
5,brazilian,stone,6.028037255,,,,,355,indian,cumin,6.569874078
6,brazilian,lime,5.823450484,,,,,356,indian,curd,6.458224432
7,brazilian,dende,5.768958683,,,,,357,indian,chilies,6.418303952
8,brazilian,cilantro,5.58460145,,,,,358,indian,tandoori,6.04449037
9,brazilian,coconut,5.454106481,,,,,359,indian,naan,5.683321197
10,brazilian,orange,4.832072328,,,,,360,indian,cauliflower,5.503478671
11,brazilian,bean,4.772884409,,,,,361,indian,ghee,5.345066914
12,brazilian,sprinkle,4.719719834,,,,,362,indian,paneer,5.322099703
13,brazilian,condensed,4.640905335,,,,,363,indian,chile,5.259756944
14,brazilian,piri,4.637466108,,,,,364,indian,chutney,5.054061042
15,brazilian,bay,4.503906132,,,,,365,indian,cilantro,4.625433973
16,brazilian,laurel,4.343856455,,,,,366,indian,wafer,4.361518294
17,brazilian,chia,4.318570403,,,,,367,indian,cardamon,4.348293035
18,brazilian,tomato,4.148584566,,,,,368,indian,garam,4.159154472
19,brazilian,chocolate,4.119802538,,,,,369,indian,chapati,4.054180566
20,brazilian,olive,4.110614836,,,,,370,indian,ginger,4.010215285
21,brazilian,meal,4.009177501,,,,,371,indian,oil,3.970106147
22,brazilian,milk,4.005824771,,,,,372,indian,pistachio,3.966007672
23,brazilian,margarine,3.969097323,,,,,373,indian,basmati,3.945780795
24,brazilian,alcohol,3.951199391,,,,,374,indian,chickpea,3.937394878
25,brazilian,vodka,3.922092597,,,,,375,indian,turmeric,3.823770076
26,brazilian,cheese,3.915426124,,,,,376,indian,tumeric,3.758481997
27,brazilian,avocado,3.850894013,,,,,377,indian,tamarind,3.71958367
28,brazilian,granola,3.844653017,,,,,378,indian,urad,3.69715364
29,brazilian,parmesan,3.815288795,,,,,379,indian,lentil,3.542269
30,brazilian,pizza,3.756614353,,,,,380,indian,salt,3.396339886
31,brazilian,shrimp,3.720124699,,,,,381,indian,assorted,3.341501182
32,brazilian,passion,3.711236981,,,,,382,indian,juice,3.306266219
33,brazilian,salsa,3.704245115,,,,,383,indian,maida,3.257709634
34,brazilian,palm,3.702952726,,,,,384,indian,pinenuts,-3.338399847
35,brazilian,heart,3.672969875,,,,,385,indian,dill,-3.345479474
36,brazilian,chevre,3.638899598,,,,,386,indian,vanilla,-3.358089579
37,brazilian,banana,3.630630214,,,,,387,indian,shiitake,-3.485828765
38,brazilian,table,3.574571105,,,,,388,indian,ham,-3.671493304
39,brazilian,parsley,3.493676846,,,,,389,indian,bay,-3.704375497
40,brazilian,arrow,3.484686985,,,,,390,indian,jalapeno,-3.719189195
41,brazilian,unsweetened,3.479718848,,,,,391,indian,oregano,-3.780707635
42,brazilian,pure,3.474942825,,,,,392,indian,bacon,-3.896738292
43,brazilian,pimento,3.445942347,,,,,393,indian,lemongrass,-3.942818192
44,brazilian,sunflower,3.432779958,,,,,394,indian,pork,-4.109679996
45,brazilian,sablefish,3.388687421,,,,,395,indian,grass,-4.173658211
46,brazilian,evaporated,-3.561696711,,,,,396,indian,avocado,-4.374697291
47,brazilian,cabbage,-3.671484017,,,,,397,indian,garlic,-4.376125643
48,brazilian,basil,-3.843391028,,,,,398,indian,orange,-4.789196771
49,brazilian,spray,-4.051324943,,,,,399,indian,egg,-6.503264241
50,british,stilton,10.99324654,,,,,,,,
51,british,cheddar,7.31524232,,,,,,,,
52,british,marmite,6.983662067,,,,,,,,
53,british,mincemeat,6.387512678,,,,,,,,
54,british,mustard,6.20470308,,,,,,,,
55,british,haddock,5.896578092,,,,,,,,
56,british,worcestershire,5.78878388,,,,,,,,
57,british,suet,5.501389186,,,,,,,,
58,british,currant,5.485286067,,,,,,,,
59,british,tumeric,5.293445263,,,,,,,,
60,british,sponge,5.269037229,,,,,,,,
61,british,malt,5.249584499,,,,,,,,
62,british,dripping,4.775740054,,,,,,,,
63,british,pound,4.716133428,,,,,,,,
64,british,jam,4.665288474,,,,,,,,
65,british,scotch,4.613852156,,,,,,,,
66,british,ale,4.567992312,,,,,,,,
67,british,kidney,4.548415993,,,,,,,,
68,british,toffee,4.528074714,,,,,,,,
69,british,double,4.516801472,,,,,,,,
70,british,gravy,4.418662902,,,,,,,,
71,british,date,4.388592582,,,,,,,,
72,british,fino,4.287285099,,,,,,,,
73,british,raspberry,4.261119612,,,,,,,,
74,british,graham,4.208776385,,,,,,,,
75,british,sage,4.206470811,,,,,,,,
76,british,rutabaga,4.130811458,,,,,,,,
77,british,beef,4.041704648,,,,,,,,
78,british,sausage,4.033658819,,,,,,,,
79,british,baked,4.009901361,,,,,,,,
80,british,strawberry,3.93249066,,,,,,,,
81,british,basmati,3.904323251,,,,,,,,
82,british,radish,3.880066705,,,,,,,,
83,british,crispy,3.797093079,,,,,,,,
84,british,range,3.785107837,,,,,,,,
85,british,oat,3.783437367,,,,,,,,
86,british,split,3.745692796,,,,,,,,
87,british,papaya,3.742248137,,,,,,,,
88,british,eating,3.729034887,,,,,,,,
89,british,banger,3.701469701,,,,,,,,
90,british,pickling,3.688296023,,,,,,,,
91,british,pectin,3.670767622,,,,,,,,
92,british,cod,3.665467983,,,,,,,,
93,british,green,-3.677194988,,,,,,,,
94,british,cheese,-3.708735117,,,,,,,,
95,british,coconut,-4.002708725,,,,,,,,
96,british,garlic,-4.141126945,,,,,,,,
97,british,cocoa,-4.716538242,,,,,,,,
98,british,evaporated,-4.737647834,,,,,,,,
99,british,chicken,-5.67126439,,,,,,,,
100,cajun_creole,cajun,12.53531523,,,,,,,,
101,cajun_creole,creole,10.08660643,,,,,,,,
102,cajun_creole,crawfish,8.567079574,,,,,,,,
103,cajun_creole,andouille,7.563319535,,,,,,,,
104,cajun_creole,celery,7.495175815,,,,,,,,
105,cajun_creole,pecan,7.06688958,,,,,,,,
106,cajun_creole,okra,6.330482301,,,,,,,,
107,cajun_creole,catfish,6.161477287,,,,,,,,
108,cajun_creole,shrimp,5.473734001,,,,,,,,
109,cajun_creole,thyme,5.179413766,,,,,,,,
110,cajun_creole,mortadella,5.167299978,,,,,,,,
111,cajun_creole,seasoning,5.059415949,,,,,,,,
112,cajun_creole,yeast,5.018503605,,,,,,,,
113,cajun_creole,cayenne,5.010993454,,,,,,,,
114,cajun_creole,evaporated,4.829857177,,,,,,,,
115,cajun_creole,oregano,4.741588211,,,,,,,,
116,cajun_creole,littleneck,4.606786993,,,,,,,,
117,cajun_creole,pepper,4.566279013,,,,,,,,
118,cajun_creole,blackening,4.541138844,,,,,,,,
119,cajun_creole,provolone,4.485788419,,,,,,,,
120,cajun_creole,sausage,4.353992667,,,,,,,,
121,cajun_creole,powdered,4.298786198,,,,,,,,
122,cajun_creole,sanding,4.291012295,,,,,,,,
123,cajun_creole,redfish,4.283506726,,,,,,,,
124,cajun_creole,jambalaya,4.252242059,,,,,,,,
125,cajun_creole,salami,4.200350927,,,,,,,,
126,cajun_creole,praline,4.18256249,,,,,,,,
127,cajun_creole,eyed,4.0523851,,,,,,,,
128,cajun_creole,dip,4.035481325,,,,,,,,
129,cajun_creole,chicory,4.031846279,,,,,,,,
130,cajun_creole,curaçao,4.016782647,,,,,,,,
131,cajun_creole,mirlitons,3.998508389,,,,,,,,
132,cajun_creole,bay,3.962217993,,,,,,,,
133,cajun_creole,husk,3.957310349,,,,,,,,
134,cajun_creole,boudin,3.903330666,,,,,,,,
135,cajun_creole,gin,3.891839793,,,,,,,,
136,cajun_creole,iron,3.784466601,,,,,,,,
137,cajun_creole,kidney,3.763873655,,,,,,,,
138,cajun_creole,tortellini,3.669543588,,,,,,,,
139,cajun_creole,lump,3.639366821,,,,,,,,
140,cajun_creole,pompano,3.630543406,,,,,,,,
141,cajun_creole,rum,3.625192994,,,,,,,,
142,cajun_creole,round,3.491470837,,,,,,,,
143,cajun_creole,worcestershire,3.479204869,,,,,,,,
144,cajun_creole,cucumber,-3.91668895,,,,,,,,
145,cajun_creole,vinegar,-3.980093264,,,,,,,,
146,cajun_creole,carrot,-3.986939353,,,,,,,,
147,cajun_creole,curry,-4.704914846,,,,,,,,
148,cajun_creole,ginger,-4.930156944,,,,,,,,
149,cajun_creole,soy,-5.70655666,,,,,,,,
150,chinese,soy,8.255396708,,,,,,,,
151,chinese,ginger,7.730192599,,,,,,,,
152,chinese,mandarin,7.637786633,,,,,,,,
153,chinese,szechwan,7.570745946,,,,,,,,
154,chinese,chinese,7.400499493,,,,,,,,
155,chinese,oil,7.106078193,,,,,,,,
156,chinese,hoisin,6.270642833,,,,,,,,
157,chinese,mein,5.917156679,,,,,,,,
158,chinese,duck,5.71931246,,,,,,,,
159,chinese,wrapper,5.471623536,,,,,,,,
160,chinese,shaoxing,5.414803147,,,,,,,,
161,chinese,custard,5.17451884,,,,,,,,
162,chinese,yardlong,5.150206143,,,,,,,,
163,chinese,five,5.028681932,,,,,,,,
164,chinese,evaporated,4.709636782,,,,,,,,
165,chinese,fermented,4.56333916,,,,,,,,
166,chinese,cornflour,4.520513569,,,,,,,,
167,chinese,key,4.28966816,,,,,,,,
168,chinese,oyster,4.243064868,,,,,,,,
169,chinese,head,4.135370249,,,,,,,,
170,chinese,purpos,4.130185467,,,,,,,,
171,chinese,char,4.015044199,,,,,,,,
172,chinese,corn,3.989811549,,,,,,,,
173,chinese,glutinous,3.938194792,,,,,,,,
174,chinese,maltose,3.867722885,,,,,,,,
175,chinese,satsuma,3.867593806,,,,,,,,
176,chinese,ramp,3.82653247,,,,,,,,
177,chinese,winter,3.798519932,,,,,,,,
178,chinese,siu,3.791662288,,,,,,,,
179,chinese,green,3.785900172,,,,,,,,
180,chinese,starch,3.764315899,,,,,,,,
181,chinese,tofu,3.728035651,,,,,,,,
182,chinese,scallion,3.709386354,,,,,,,,
183,chinese,powdered,3.611519437,,,,,,,,
184,chinese,essence,3.548300367,,,,,,,,
185,chinese,suckling,3.490429378,,,,,,,,
186,chinese,sesame,3.458464338,,,,,,,,
187,chinese,teriyaki,3.419038403,,,,,,,,
188,chinese,savoy,3.357663408,,,,,,,,
189,chinese,unflavored,3.347047273,,,,,,,,
190,chinese,salt,-3.390369589,,,,,,,,
191,chinese,nori,-3.466775708,,,,,,,,
192,chinese,crumb,-3.515150332,,,,,,,,
193,chinese,cumin,-3.777838218,,,,,,,,
194,chinese,strawberry,-3.930242978,,,,,,,,
195,chinese,calamansi,-4.32378708,,,,,,,,
196,chinese,bay,-4.609922536,,,,,,,,
197,chinese,olive,-5.12667139,,,,,,,,
198,chinese,cauliflower,-5.241347465,,,,,,,,
199,chinese,butter,-5.665287762,,,,,,,,
200,filipino,calamansi,9.442904006,,,,,,,,
201,filipino,soy,7.920382016,,,,,,,,
202,filipino,lumpia,6.367149311,,,,,,,,
203,filipino,peppercorn,6.327897142,,,,,,,,
204,filipino,garlic,5.96059908,,,,,,,,
205,filipino,coconut,5.761425413,,,,,,,,
206,filipino,dog,5.63350808,,,,,,,,
207,filipino,thai,5.318943682,,,,,,,,
208,filipino,glutinous,5.280541773,,,,,,,,
209,filipino,belly,5.277326299,,,,,,,,
210,filipino,tilapia,5.105751225,,,,,,,,
211,filipino,condensed,4.976437936,,,,,,,,
212,filipino,edam,4.722157648,,,,,,,,
213,filipino,fettucine,4.690323952,,,,,,,,
214,filipino,sprite,4.669786181,,,,,,,,
215,filipino,chayotes,4.667475123,,,,,,,,
216,filipino,empanada,4.656203063,,,,,,,,
217,filipino,annatto,4.616194551,,,,,,,,
218,filipino,evaporated,4.606822143,,,,,,,,
219,filipino,wrapper,4.595073258,,,,,,,,
220,filipino,strip,4.392511034,,,,,,,,
221,filipino,cantaloupe,4.196694054,,,,,,,,
222,filipino,eggplant,4.185898089,,,,,,,,
223,filipino,pearl,4.10146714,,,,,,,,
224,filipino,banana,4.062985648,,,,,,,,
225,filipino,sardine,4.053055058,,,,,,,,
226,filipino,noodle,3.990008793,,,,,,,,
227,filipino,mussel,3.986514918,,,,,,,,
228,filipino,oil,3.986252925,,,,,,,,
229,filipino,onion,3.964684358,,,,,,,,
230,filipino,rom,3.954375558,,,,,,,,
231,filipino,piece,3.949063537,,,,,,,,
232,filipino,fast,3.927673513,,,,,,,,
233,filipino,hoisin,3.898559988,,,,,,,,
234,filipino,adobo,3.842445783,,,,,,,,
235,filipino,base,3.825518381,,,,,,,,
236,filipino,romano,3.814463897,,,,,,,,
237,filipino,kangkong,3.751839978,,,,,,,,
238,filipino,patis,3.73944322,,,,,,,,
239,filipino,cooking,3.735251713,,,,,,,,
240,filipino,plantain,3.694203522,,,,,,,,
241,filipino,accent,3.693433845,,,,,,,,
242,filipino,olive,-3.684805474,,,,,,,,
243,filipino,pumpkin,-3.760141028,,,,,,,,
244,filipino,tea,-3.777584869,,,,,,,,
245,filipino,mint,-4.00201215,,,,,,,,
246,filipino,spray,-4.197275014,,,,,,,,
247,filipino,nutmeg,-4.198497705,,,,,,,,
248,filipino,basil,-4.447065842,,,,,,,,
249,filipino,wine,-4.545563425,,,,,,,,
250,french,gruyere,6.954833276,,,,,,,,
251,french,crepe,6.499187842,,,,,,,,
252,french,niçoise,5.994212692,,,,,,,,
253,french,duck,5.350519361,,,,,,,,
254,french,sole,5.240858632,,,,,,,,
255,french,brie,4.98735849,,,,,,,,
256,french,fully,4.949027272,,,,,,,,
257,french,swiss,4.934264298,,,,,,,,
258,french,calvados,4.901158555,,,,,,,,
259,french,gruyère,4.866331086,,,,,,,,
260,french,macadamia,4.863071145,,,,,,,,
261,french,mousse,4.850902553,,,,,,,,
262,french,roquefort,4.562885784,,,,,,,,
263,french,pearl,4.42310896,,,,,,,,
264,french,liver,4.309546417,,,,,,,,
265,french,burgundy,4.308233523,,,,,,,,
266,french,wine,4.160563731,,,,,,,,
267,french,cognac,4.022276092,,,,,,,,
268,french,tarragon,4.019054161,,,,,,,,
269,french,savory,3.90333173,,,,,,,,
270,french,lillet,3.750110462,,,,,,,,
271,french,snail,3.715998078,,,,,,,,
272,french,flageolet,3.696260147,,,,,,,,
273,french,lavender,3.681950476,,,,,,,,
274,french,olive,3.599290468,,,,,,,,
275,french,anchovy,3.576989407,,,,,,,,
276,french,starter,3.569971873,,,,,,,,
277,french,thyme,3.557265786,,,,,,,,
278,french,sauterne,3.515721961,,,,,,,,
279,french,barley,-3.597426278,,,,,,,,
280,french,stilton,-3.598932007,,,,,,,,
281,french,chile,-3.60172336,,,,,,,,
282,french,raisin,-3.723783373,,,,,,,,
283,french,jalapeno,-3.843478077,,,,,,,,
284,french,irish,-3.9156275,,,,,,,,
285,french,custard,-3.934774447,,,,,,,,
286,french,sweet,-3.963993513,,,,,,,,
287,french,cinnamon,-4.030200816,,,,,,,,
288,french,sesame,-4.137352618,,,,,,,,
289,french,condensed,-4.141617923,,,,,,,,
290,french,arborio,-4.216025064,,,,,,,,
291,french,cilantro,-4.387764243,,,,,,,,
292,french,grit,-4.593609165,,,,,,,,
293,french,soy,-4.739174873,,,,,,,,
294,french,chard,-4.754041284,,,,,,,,
295,french,oil,-5.483371167,,,,,,,,
296,french,soda,-5.593564389,,,,,,,,
297,french,powder,-5.598589042,,,,,,,,
298,french,chilies,-5.763339027,,,,,,,,
299,french,rice,-6.80226689,,,,,,,,
300,greek,feta,11.9111971,,,,,,,,
301,greek,phyllo,9.017320295,,,,,,,,
302,greek,greek,8.866276748,,,,,,,,
303,greek,oregano,8.82909751,,,,,,,,
304,greek,lamb,6.899642437,,,,,,,,
305,greek,olive,6.600287264,,,,,,,,
306,greek,ouzo,6.537193984,,,,,,,,
307,greek,dill,6.458496856,,,,,,,,
308,greek,yogurt,6.200296535,,,,,,,,
309,greek,pita,5.956322511,,,,,,,,
310,greek,tahini,5.891559016,,,,,,,,
311,greek,orzo,5.584322296,,,,,,,,
312,greek,lemon,5.318822992,,,,,,,,
313,greek,kalamata,5.275296562,,,,,,,,
314,greek,tzatziki,5.265217062,,,,,,,,
315,greek,sesame,4.763307707,,,,,,,,
316,greek,flatbread,4.53050468,,,,,,,,
317,greek,pasta,4.529181322,,,,,,,,
318,greek,kefalotyri,4.486753896,,,,,,,,
319,greek,cucumber,4.380860599,,,,,,,,
320,greek,tentacle,4.334914267,,,,,,,,
321,greek,caul,4.308917765,,,,,,,,
322,greek,kasseri,4.161524161,,,,,,,,
323,greek,tarama,4.139377995,,,,,,,,
324,greek,macaroni,4.132560408,,,,,,,,
325,greek,ricotta,4.009131316,,,,,,,,
326,greek,tomato,3.85273468,,,,,,,,
327,greek,garbanzo,3.810937507,,,,,,,,
328,greek,filo,3.734543305,,,,,,,,
329,greek,quince,3.628927173,,,,,,,,
330,greek,dried,3.581939276,,,,,,,,
331,greek,hummus,3.57754514,,,,,,,,
332,greek,poultry,3.527232718,,,,,,,,
333,greek,walnut,3.447503779,,,,,,,,
334,greek,navel,-3.332559542,,,,,,,,
335,greek,tortilla,-3.352815379,,,,,,,,
336,greek,assorted,-3.383912903,,,,,,,,
337,greek,green,-3.410500917,,,,,,,,
338,greek,lime,-3.543618811,,,,,,,,
339,greek,peanut,-3.587983137,,,,,,,,
340,greek,ice,-3.634836739,,,,,,,,
341,greek,sugar,-3.942519144,,,,,,,,
342,greek,cabbage,-3.972032379,,,,,,,,
343,greek,corn,-4.298987775,,,,,,,,
344,greek,chile,-4.337294482,,,,,,,,
345,greek,cheddar,-4.337509757,,,,,,,,
346,greek,carrot,-4.481740932,,,,,,,,
347,greek,salmon,-4.528566252,,,,,,,,
348,greek,ginger,-5.291602289,,,,,,,,
349,greek,cilantro,-6.260444573,,,,,,,,
350,indian,curry,11.37629229,,,,,,,,
351,indian,masala,8.404190316,,,,,,,,
352,indian,cardamom,8.099741894,,,,,,,,
353,indian,yogurt,7.171339975,,,,,,,,
354,indian,yoghurt,7.1116075,,,,,,,,
355,indian,cumin,6.569874078,,,,,,,,
356,indian,curd,6.458224432,,,,,,,,
357,indian,chilies,6.418303952,,,,,,,,
358,indian,tandoori,6.04449037,,,,,,,,
359,indian,naan,5.683321197,,,,,,,,
360,indian,cauliflower,5.503478671,,,,,,,,
361,indian,ghee,5.345066914,,,,,,,,
362,indian,paneer,5.322099703,,,,,,,,
363,indian,chile,5.259756944,,,,,,,,
364,indian,chutney,5.054061042,,,,,,,,
365,indian,cilantro,4.625433973,,,,,,,,
366,indian,wafer,4.361518294,,,,,,,,
367,indian,cardamon,4.348293035,,,,,,,,
368,indian,garam,4.159154472,,,,,,,,
369,indian,chapati,4.054180566,,,,,,,,
370,indian,ginger,4.010215285,,,,,,,,
371,indian,oil,3.970106147,,,,,,,,
372,indian,pistachio,3.966007672,,,,,,,,
373,indian,basmati,3.945780795,,,,,,,,
374,indian,chickpea,3.937394878,,,,,,,,
375,indian,turmeric,3.823770076,,,,,,,,
376,indian,tumeric,3.758481997,,,,,,,,
377,indian,tamarind,3.71958367,,,,,,,,
378,indian,urad,3.69715364,,,,,,,,
379,indian,lentil,3.542269,,,,,,,,
380,indian,salt,3.396339886,,,,,,,,
381,indian,assorted,3.341501182,,,,,,,,
382,indian,juice,3.306266219,,,,,,,,
383,indian,maida,3.257709634,,,,,,,,
384,indian,pinenuts,-3.338399847,,,,,,,,
385,indian,dill,-3.345479474,,,,,,,,
386,indian,vanilla,-3.358089579,,,,,,,,
387,indian,shiitake,-3.485828765,,,,,,,,
388,indian,ham,-3.671493304,,,,,,,,
389,indian,bay,-3.704375497,,,,,,,,
390,indian,jalapeno,-3.719189195,,,,,,,,
391,indian,oregano,-3.780707635,,,,,,,,
392,indian,bacon,-3.896738292,,,,,,,,
393,indian,lemongrass,-3.942818192,,,,,,,,
394,indian,pork,-4.109679996,,,,,,,,
395,indian,grass,-4.173658211,,,,,,,,
396,indian,avocado,-4.374697291,,,,,,,,
397,indian,garlic,-4.376125643,,,,,,,,
398,indian,orange,-4.789196771,,,,,,,,
399,indian,egg,-6.503264241,,,,,,,,
400,irish,irish,11.37276552,,,,,,,,
401,irish,corned,7.225303575,,,,,,,,
402,irish,potato,7.049209121,,,,,,,,
403,irish,stout,6.177610951,,,,,,,,
404,irish,guinness,6.164285859,,,,,,,,
405,irish,brisket,5.599254304,,,,,,,,
406,irish,lamb,5.233685168,,,,,,,,
407,irish,soda,5.114823026,,,,,,,,
408,irish,color,5.005916543,,,,,,,,
409,irish,buttermilk,4.892740314,,,,,,,,
410,irish,whiskey,4.757741037,,,,,,,,
411,irish,prime,4.666388291,,,,,,,,
412,irish,raisin,4.420002389,,,,,,,,
413,irish,currant,4.289070844,,,,,,,,
414,irish,beer,4.280526054,,,,,,,,
415,irish,menthe,4.248570018,,,,,,,,
416,irish,cabbage,4.201377195,,,,,,,,
417,irish,steel,4.142063434,,,,,,,,
418,irish,croissant,4.139304856,,,,,,,,
419,irish,lowfat,4.137165981,,,,,,,,
420,irish,spray,4.012021309,,,,,,,,
421,irish,oat,3.961552657,,,,,,,,
422,irish,bacon,3.933206122,,,,,,,,
423,irish,pudding,3.933058343,,,,,,,,
424,irish,pernod,3.696338171,,,,,,,,
425,irish,rutabaga,3.622935964,,,,,,,,
426,irish,cherry,3.619260426,,,,,,,,
427,irish,banger,3.604543065,,,,,,,,
428,irish,english,3.599015305,,,,,,,,
429,irish,butter,3.579275112,,,,,,,,
430,irish,malt,3.505066846,,,,,,,,
431,irish,dessert,3.498941131,,,,,,,,
432,irish,chip,3.491856936,,,,,,,,
433,irish,papaya,3.453632489,,,,,,,,
434,irish,cheddar,3.391580653,,,,,,,,
435,irish,rainbow,3.364339116,,,,,,,,
436,irish,decorating,3.352353816,,,,,,,,
437,irish,allspice,3.343798467,,,,,,,,
438,irish,rhubarb,3.315634875,,,,,,,,
439,irish,blood,3.300193061,,,,,,,,
440,irish,french,-3.292283618,,,,,,,,
441,irish,lime,-3.41161891,,,,,,,,
442,irish,canned,-3.534765486,,,,,,,,
443,irish,shrimp,-3.584027248,,,,,,,,
444,irish,sweet,-3.726316788,,,,,,,,
445,irish,chop,-3.9416743,,,,,,,,
446,irish,oil,-4.421600215,,,,,,,,
447,irish,curry,-4.590988537,,,,,,,,
448,irish,yeast,-4.75852,,,,,,,,
449,irish,rice,-5.419403647,,,,,,,,
450,italian,arborio,9.224386888,,,,,,,,
451,italian,spaghetti,8.167316008,,,,,,,,
452,italian,gnocchi,7.96683846,,,,,,,,
453,italian,mascarpone,7.330453536,,,,,,,,
454,italian,italian,7.32811606,,,,,,,,
455,italian,ricotta,6.532449043,,,,,,,,
456,italian,polenta,6.359475283,,,,,,,,
457,italian,marsala,6.35328678,,,,,,,,
458,italian,pasta,6.214383239,,,,,,,,
459,italian,olive,6.003616767,,,,,,,,
460,italian,grappa,5.965312827,,,,,,,,
461,italian,lasagna,5.908148356,,,,,,,,
462,italian,marinara,5.553836412,,,,,,,,
463,italian,breadstick,5.421513158,,,,,,,,
464,italian,fettucine,5.419214084,,,,,,,,
465,italian,pesto,5.27286073,,,,,,,,
466,italian,campari,5.257050015,,,,,,,,
467,italian,risotto,5.221801707,,,,,,,,
468,italian,orecchiette,5.156941488,,,,,,,,
469,italian,cannellini,5.116200187,,,,,,,,
470,italian,prosciutto,5.105246826,,,,,,,,
471,italian,pancetta,5.006516826,,,,,,,,
472,italian,ponzu,4.99170092,,,,,,,,
473,italian,basil,4.986959352,,,,,,,,
474,italian,parmesan,4.94841407,,,,,,,,
475,italian,mozzarella,4.913738402,,,,,,,,
476,italian,carnaroli,4.759791413,,,,,,,,
477,italian,oregano,4.708035246,,,,,,,,
478,italian,amaretti,4.68019119,,,,,,,,
479,italian,alfredo,4.662202333,,,,,,,,
480,italian,spaghettini,4.610059506,,,,,,,,
481,italian,balsamic,4.602532942,,,,,,,,
482,italian,gorgonzola,4.564015006,,,,,,,,
483,italian,amaretto,4.464060811,,,,,,,,
484,italian,linguine,4.427550743,,,,,,,,
485,italian,limoncello,4.408000965,,,,,,,,
486,italian,onion,-4.38317034,,,,,,,,
487,italian,soy,-4.441193554,,,,,,,,
488,italian,peanut,-4.447012736,,,,,,,,
489,italian,lamb,-4.501210286,,,,,,,,
490,italian,edamame,-4.612110116,,,,,,,,
491,italian,niçoise,-4.640481194,,,,,,,,
492,italian,mashed,-4.718906007,,,,,,,,
493,italian,grit,-4.841150344,,,,,,,,
494,italian,andouille,-5.274206379,,,,,,,,
495,italian,cayenne,-5.338533978,,,,,,,,
496,italian,cumin,-5.477189885,,,,,,,,
497,italian,tortilla,-5.625820009,,,,,,,,
498,italian,crawfish,-6.539959614,,,,,,,,
499,italian,cajun,-6.711233578,,,,,,,,
500,jamaican,jerk,12.57751114,,,,,,,,
501,jamaican,thyme,11.73380369,,,,,,,,
502,jamaican,allspice,10.68296952,,,,,,,,
503,jamaican,nutmeg,7.66619822,,,,,,,,
504,jamaican,rum,7.157617646,,,,,,,,
505,jamaican,curry,6.704211313,,,,,,,,
506,jamaican,lime,6.320496347,,,,,,,,
507,jamaican,jamaican,5.91630876,,,,,,,,
508,jamaican,habanero,5.432977598,,,,,,,,
509,jamaican,plantain,5.307517349,,,,,,,,
510,jamaican,okra,5.275225473,,,,,,,,
511,jamaican,scallion,5.231654703,,,,,,,,
512,jamaican,banana,5.186686286,,,,,,,,
513,jamaican,pepper,4.993351857,,,,,,,,
514,jamaican,polenta,4.880937142,,,,,,,,
515,jamaican,stout,4.73832097,,,,,,,,
516,jamaican,coconut,4.577181349,,,,,,,,
517,jamaican,sorrel,4.507183712,,,,,,,,
518,jamaican,crumb,4.227160662,,,,,,,,
519,jamaican,breadfruit,4.202915882,,,,,,,,
520,jamaican,gruyere,4.200140096,,,,,,,,
521,jamaican,cornmeal,4.138961867,,,,,,,,
522,jamaican,cold,4.129209271,,,,,,,,
523,jamaican,mango,4.045254532,,,,,,,,
524,jamaican,kidney,3.936882405,,,,,,,,
525,jamaican,brown,3.807224031,,,,,,,,
526,jamaican,yeast,3.800227917,,,,,,,,
527,jamaican,adzuki,3.757451234,,,,,,,,
528,jamaican,ackee,3.742223171,,,,,,,,
529,jamaican,flavored,3.691826694,,,,,,,,
530,jamaican,bicarbonate,3.689316503,,,,,,,,
531,jamaican,machine,3.682169469,,,,,,,,
532,jamaican,codfish,3.585436971,,,,,,,,
533,jamaican,yucca,3.564056188,,,,,,,,
534,jamaican,annatto,3.513183558,,,,,,,,
535,jamaican,scotch,3.506292662,,,,,,,,
536,jamaican,bonnet,3.48305044,,,,,,,,
537,jamaican,prepared,3.446199012,,,,,,,,
538,jamaican,vermouth,3.446119538,,,,,,,,
539,jamaican,gingerroot,3.400716478,,,,,,,,
540,jamaican,season,3.292226496,,,,,,,,
541,jamaican,cho,3.283113022,,,,,,,,
542,jamaican,caribbean,3.245189509,,,,,,,,
543,jamaican,guava,3.210253445,,,,,,,,
544,jamaican,treacle,3.186589771,,,,,,,,
545,jamaican,honey,-3.173849,,,,,,,,
546,jamaican,sesame,-3.180829379,,,,,,,,
547,jamaican,oregano,-3.217729184,,,,,,,,
548,jamaican,broth,-3.521893023,,,,,,,,
549,jamaican,olive,-5.662584963,,,,,,,,
550,japanese,miso,10.2482234,,,,,,,,
551,japanese,sake,9.529657232,,,,,,,,
552,japanese,mirin,9.137933355,,,,,,,,
553,japanese,soba,7.994617871,,,,,,,,
554,japanese,nori,7.460400868,,,,,,,,
555,japanese,dashi,7.292309129,,,,,,,,
556,japanese,soy,7.278868862,,,,,,,,
557,japanese,bonito,7.108165745,,,,,,,,
558,japanese,edamame,6.509259466,,,,,,,,
559,japanese,cardamom,6.321761717,,,,,,,,
560,japanese,wasabi,6.310349712,,,,,,,,
561,japanese,udon,6.016535545,,,,,,,,
562,japanese,teriyaki,5.934888792,,,,,,,,
563,japanese,ghee,5.438057931,,,,,,,,
564,japanese,togarashi,5.41506413,,,,,,,,
565,japanese,konbu,5.178014242,,,,,,,,
566,japanese,panko,5.0452974,,,,,,,,
567,japanese,mochiko,4.976731806,,,,,,,,
568,japanese,tonkatsu,4.942058315,,,,,,,,
569,japanese,turmeric,4.914582736,,,,,,,,
570,japanese,gyoza,4.820520245,,,,,,,,
571,japanese,garam,4.8111843,,,,,,,,
572,japanese,masala,4.702025944,,,,,,,,
573,japanese,shiso,4.670961493,,,,,,,,
574,japanese,ginger,4.643724686,,,,,,,,
575,japanese,rice,4.584461791,,,,,,,,
576,japanese,matcha,4.316161626,,,,,,,,
577,japanese,taste,4.28008264,,,,,,,,
578,japanese,daal,4.27698499,,,,,,,,
579,japanese,seaweed,4.274338629,,,,,,,,
580,japanese,starch,4.256700989,,,,,,,,
581,japanese,amchur,4.214133612,,,,,,,,
582,japanese,clarified,4.101240455,,,,,,,,
583,japanese,japanese,4.067075159,,,,,,,,
584,japanese,cucumber,3.996677848,,,,,,,,
585,japanese,wrapper,3.910565227,,,,,,,,
586,japanese,tumeric,3.777533887,,,,,,,,
587,japanese,methi,3.765796756,,,,,,,,
588,japanese,caster,3.735192889,,,,,,,,
589,japanese,nutmeg,-3.91084483,,,,,,,,
590,japanese,duck,-3.930820841,,,,,,,,
591,japanese,chopped,-3.954766086,,,,,,,,
592,japanese,garlic,-4.040760945,,,,,,,,
593,japanese,roll,-4.0823449,,,,,,,,
594,japanese,vanilla,-4.083152788,,,,,,,,
595,japanese,shortening,-4.243534679,,,,,,,,
596,japanese,jalapeno,-4.382387119,,,,,,,,
597,japanese,mint,-4.702591797,,,,,,,,
598,japanese,tomato,-4.735561334,,,,,,,,
599,japanese,olive,-6.212066234,,,,,,,,
600,korean,kimchi,12.8307367,,,,,,,,
601,korean,sesame,11.08404464,,,,,,,,
602,korean,gochujang,8.770618663,,,,,,,,
603,korean,pear,6.931335555,,,,,,,,
604,korean,pinenuts,6.826493586,,,,,,,,
605,korean,scallion,6.031318661,,,,,,,,
606,korean,korean,6.016127072,,,,,,,,
607,korean,zucchini,5.501632006,,,,,,,,
608,korean,soy,5.146719659,,,,,,,,
609,korean,ginger,5.06286566,,,,,,,,
610,korean,cake,4.82752441,,,,,,,,
611,korean,barley,4.809362496,,,,,,,,
612,korean,wing,4.789326407,,,,,,,,
613,korean,gochugaru,4.548803517,,,,,,,,
614,korean,nori,4.428305564,,,,,,,,
615,korean,syrup,4.392138831,,,,,,,,
616,korean,perilla,4.276196701,,,,,,,,
617,korean,doenzang,4.19584176,,,,,,,,
618,korean,onion,4.174050823,,,,,,,,
619,korean,rice,4.030150455,,,,,,,,
620,korean,paste,3.987928072,,,,,,,,
621,korean,azuki,3.921255175,,,,,,,,
622,korean,kochujang,3.91624732,,,,,,,,
623,korean,beef,3.850817039,,,,,,,,
624,korean,napa,3.759445227,,,,,,,,
625,korean,chinese,3.740764495,,,,,,,,
626,korean,carrot,3.587238597,,,,,,,,
627,korean,crabmeat,3.496979655,,,,,,,,
628,korean,mirin,3.407920836,,,,,,,,
629,korean,colouring,3.389055092,,,,,,,,
630,korean,chili,3.359107481,,,,,,,,
631,korean,dangmyun,3.357268985,,,,,,,,
632,korean,sugar,3.352151143,,,,,,,,
633,korean,riesling,3.350010508,,,,,,,,
634,korean,sumac,3.335725605,,,,,,,,
635,korean,rib,3.330632205,,,,,,,,
636,korean,cucumber,3.299385979,,,,,,,,
637,korean,spinach,3.225539372,,,,,,,,
638,korean,soba,-3.094158349,,,,,,,,
639,korean,olive,-3.158247981,,,,,,,,
640,korean,pea,-3.215024583,,,,,,,,
641,korean,lemon,-3.285469857,,,,,,,,
642,korean,dried,-4.014452602,,,,,,,,
643,korean,ground,-4.019617227,,,,,,,,
644,korean,worcestershire,-4.190705906,,,,,,,,
645,korean,celery,-4.61967713,,,,,,,,
646,korean,cilantro,-5.289104824,,,,,,,,
647,korean,butter,-5.59205698,,,,,,,,
648,korean,tomato,-5.800614387,,,,,,,,
649,korean,lime,-6.579648051,,,,,,,,
650,mexican,tortilla,15.74823997,,,,,,,,
651,mexican,taco,10.1418569,,,,,,,,
652,mexican,mexican,8.183701999,,,,,,,,
653,mexican,tequila,7.762860694,,,,,,,,
654,mexican,salsa,7.148734873,,,,,,,,
655,mexican,enchilada,7.108160781,,,,,,,,
656,mexican,masa,6.607273732,,,,,,,,
657,mexican,chipotle,6.413464543,,,,,,,,
658,mexican,piloncillo,6.185364135,,,,,,,,
659,mexican,cumin,6.164366629,,,,,,,,
660,mexican,lime,6.160906748,,,,,,,,
661,mexican,jicama,6.149393505,,,,,,,,
662,mexican,jack,6.04216093,,,,,,,,
663,mexican,pepitas,5.659924188,,,,,,,,
664,mexican,chilies,5.60602714,,,,,,,,
665,mexican,cilantro,5.468575214,,,,,,,,
666,mexican,chayotes,5.436520543,,,,,,,,
667,mexican,cajeta,5.351936271,,,,,,,,
668,mexican,poblano,5.351237561,,,,,,,,
669,mexican,chile,5.297501168,,,,,,,,
670,mexican,avocado,5.156058006,,,,,,,,
671,mexican,cinnamon,5.130340251,,,,,,,,
672,mexican,tomatillo,4.873934168,,,,,,,,
673,mexican,ancho,4.834793455,,,,,,,,
674,mexican,chorizo,4.622721124,,,,,,,,
675,mexican,corn,4.559104976,,,,,,,,
676,mexican,mole,4.346400499,,,,,,,,
677,mexican,cheese,4.203687761,,,,,,,,
678,mexican,hip,4.199155305,,,,,,,,
679,mexican,fajita,4.190210627,,,,,,,,
680,mexican,canela,4.121192154,,,,,,,,
681,mexican,mexicorn,4.114883968,,,,,,,,
682,mexican,pinto,4.032855129,,,,,,,,
683,mexican,ranch,4.003948377,,,,,,,,
684,mexican,refried,3.996363556,,,,,,,,
685,mexican,cotija,3.973027987,,,,,,,,
686,mexican,queso,3.969044677,,,,,,,,
687,mexican,star,-4.082788457,,,,,,,,
688,mexican,escarole,-4.221752949,,,,,,,,
689,mexican,crawfish,-4.340121949,,,,,,,,
690,mexican,tumeric,-4.406011158,,,,,,,,
691,mexican,paste,-4.427268269,,,,,,,,
692,mexican,mussel,-4.428333291,,,,,,,,
693,mexican,curry,-4.47156581,,,,,,,,
694,mexican,noodle,-4.498375583,,,,,,,,
695,mexican,trout,-4.503319139,,,,,,,,
696,mexican,starch,-4.638593815,,,,,,,,
697,mexican,rind,-5.718912643,,,,,,,,
698,mexican,fish,-5.925745335,,,,,,,,
699,mexican,ginger,-7.219007551,,,,,,,,
700,moroccan,cumin,9.144435926,,,,,,,,
701,moroccan,couscous,9.123954563,,,,,,,,
702,moroccan,semolina,8.02950522,,,,,,,,
703,moroccan,cinnamon,7.451463768,,,,,,,,
704,moroccan,harissa,7.391089949,,,,,,,,
705,moroccan,olive,6.639526456,,,,,,,,
706,moroccan,apricot,6.557171271,,,,,,,,
707,moroccan,merguez,6.403680052,,,,,,,,
708,moroccan,preserved,6.298485196,,,,,,,,
709,moroccan,tea,5.82417974,,,,,,,,
710,moroccan,flower,5.713093178,,,,,,,,
711,moroccan,chickpea,5.612815157,,,,,,,,
712,moroccan,ra,5.509013935,,,,,,,,
713,moroccan,hanout,5.509013935,,,,,,,,
714,moroccan,lemon,5.40373764,,,,,,,,
715,moroccan,moroccan,4.909605652,,,,,,,,
716,moroccan,saffron,4.89867293,,,,,,,,
717,moroccan,lamb,4.83614973,,,,,,,,
718,moroccan,rose,4.833174566,,,,,,,,
719,moroccan,paprika,4.799778781,,,,,,,,
720,moroccan,mint,4.790404304,,,,,,,,
721,moroccan,meyer,4.468741338,,,,,,,,
722,moroccan,date,4.466312638,,,,,,,,
723,moroccan,garbanzo,4.45628154,,,,,,,,
724,moroccan,cilantro,4.451223467,,,,,,,,
725,moroccan,phyllo,4.233624218,,,,,,,,
726,moroccan,bordelaise,4.201014726,,,,,,,,
727,moroccan,parsley,4.124849253,,,,,,,,
728,moroccan,spice,3.947516406,,,,,,,,
729,moroccan,pomegranate,3.70694332,,,,,,,,
730,moroccan,pistachio,3.635344221,,,,,,,,
731,moroccan,yeast,3.610982418,,,,,,,,
732,moroccan,prune,3.566362381,,,,,,,,
733,moroccan,rub,3.532967948,,,,,,,,
734,moroccan,carrot,3.429777918,,,,,,,,
735,moroccan,coriander,3.387744295,,,,,,,,
736,moroccan,beet,3.385820463,,,,,,,,
737,moroccan,medjool,3.359113075,,,,,,,,
738,moroccan,stewing,3.327137483,,,,,,,,
739,moroccan,caraway,3.325282049,,,,,,,,
740,moroccan,butternut,3.308232353,,,,,,,,
741,moroccan,hake,3.262748227,,,,,,,,
742,moroccan,starch,-3.274725457,,,,,,,,
743,moroccan,bay,-3.323366526,,,,,,,,
744,moroccan,cream,-3.396084711,,,,,,,,
745,moroccan,milk,-3.685406048,,,,,,,,
746,moroccan,rice,-3.767820591,,,,,,,,
747,moroccan,mustard,-3.92852387,,,,,,,,
748,moroccan,cabbage,-4.115265056,,,,,,,,
749,moroccan,extract,-4.647536207,,,,,,,,
750,russian,dill,7.214448655,,,,,,,,
751,russian,sour,7.100673652,,,,,,,,
752,russian,beet,6.337949976,,,,,,,,
753,russian,cottage,6.293495498,,,,,,,,
754,russian,sauerkraut,6.199806852,,,,,,,,
755,russian,kasha,5.709038336,,,,,,,,
756,russian,dillweed,5.490023649,,,,,,,,
757,russian,buckwheat,5.423920126,,,,,,,,
758,russian,poppy,5.381628197,,,,,,,,
759,russian,poussin,5.34002237,,,,,,,,
760,russian,sirloin,4.997864721,,,,,,,,
761,russian,pierogi,4.927206441,,,,,,,,
762,russian,cabbage,4.919803926,,,,,,,,
763,russian,gherkin,4.61507435,,,,,,,,
764,russian,crumb,4.380839154,,,,,,,,
765,russian,rye,4.343712462,,,,,,,,
766,russian,mayonnaise,4.312874654,,,,,,,,
767,russian,onion,4.28271327,,,,,,,,
768,russian,capsicum,4.27335969,,,,,,,,
769,russian,grit,4.07656252,,,,,,,,
770,russian,farmer,4.011954167,,,,,,,,
771,russian,walnut,3.910794599,,,,,,,,
772,russian,kielbasa,3.834107004,,,,,,,,
773,russian,mozzarella,3.807114525,,,,,,,,
774,russian,caviar,3.803403205,,,,,,,,
775,russian,hungarian,3.799981201,,,,,,,,
776,russian,hop,3.783222843,,,,,,,,
777,russian,raspberry,3.693135276,,,,,,,,
778,russian,apple,3.623664125,,,,,,,,
779,russian,beef,3.609304662,,,,,,,,
780,russian,agar,3.603231346,,,,,,,,
781,russian,brussels,3.574729129,,,,,,,,
782,russian,stevia,3.567883526,,,,,,,,
783,russian,salmon,3.500543611,,,,,,,,
784,russian,sorrel,3.490007696,,,,,,,,
785,russian,caraway,3.483544338,,,,,,,,
786,russian,vodka,3.389286362,,,,,,,,
787,russian,bacardi,3.379476597,,,,,,,,
788,russian,radish,3.366140312,,,,,,,,
789,russian,raisin,3.353900469,,,,,,,,
790,russian,hazelnut,3.335900265,,,,,,,,
791,russian,ramen,3.267182749,,,,,,,,
792,russian,havarti,3.265076867,,,,,,,,
793,russian,ginger,-3.335992441,,,,,,,,
794,russian,cooking,-3.521496855,,,,,,,,
795,russian,lime,-3.597126218,,,,,,,,
796,russian,sauce,-3.698162184,,,,,,,,
797,russian,sesame,-3.700253093,,,,,,,,
798,russian,brown,-4.02264396,,,,,,,,
799,russian,garlic,-4.571794823,,,,,,,,
800,southern_us,grit,10.94928374,,,,,,,,
801,southern_us,eyed,8.993871619,,,,,,,,
802,southern_us,collard,8.710340647,,,,,,,,
803,southern_us,peach,7.344646242,,,,,,,,
804,southern_us,crawfish,7.308142244,,,,,,,,
805,southern_us,buttermilk,6.395083431,,,,,,,,
806,southern_us,catfish,6.31108224,,,,,,,,
807,southern_us,bourbon,6.247825745,,,,,,,,
808,southern_us,cornmeal,6.207081429,,,,,,,,
809,southern_us,peanut,5.996763282,,,,,,,,
810,southern_us,pecan,5.950624264,,,,,,,,
811,southern_us,andouille,5.720981224,,,,,,,,
812,southern_us,key,5.61425648,,,,,,,,
813,southern_us,barbecue,5.605737436,,,,,,,,
814,southern_us,wafer,5.543626824,,,,,,,,
815,southern_us,vidalia,5.529930295,,,,,,,,
816,southern_us,okra,5.316560862,,,,,,,,
817,southern_us,piecrusts,5.296946261,,,,,,,,
818,southern_us,bacon,4.803692195,,,,,,,,
819,southern_us,grate,4.791465406,,,,,,,,
820,southern_us,daniel,4.722160261,,,,,,,,
821,southern_us,biscuit,4.718839901,,,,,,,,
822,southern_us,hock,4.444693807,,,,,,,,
823,southern_us,marshmallow,4.420493711,,,,,,,,
824,southern_us,celery,4.333346847,,,,,,,,
825,southern_us,cornbread,4.261439843,,,,,,,,
826,southern_us,watermelon,4.250844996,,,,,,,,
827,southern_us,cracker,4.194306794,,,,,,,,
828,southern_us,bag,4.184263009,,,,,,,,
829,southern_us,seasoning,4.114382922,,,,,,,,
830,southern_us,meal,4.104887955,,,,,,,,
831,southern_us,frosting,4.020665643,,,,,,,,
832,southern_us,breakfast,3.949540167,,,,,,,,
833,southern_us,sweet,3.946986185,,,,,,,,
834,southern_us,hominy,3.857788758,,,,,,,,
835,southern_us,batter,3.803295469,,,,,,,,
836,southern_us,pimento,3.801680941,,,,,,,,
837,southern_us,cookie,-3.801905399,,,,,,,,
838,southern_us,spinach,-3.852758646,,,,,,,,
839,southern_us,hazelnut,-3.865214185,,,,,,,,
840,southern_us,saffron,-3.929833283,,,,,,,,
841,southern_us,breast,-3.966065098,,,,,,,,
842,southern_us,coriander,-3.985963314,,,,,,,,
843,southern_us,eggplant,-4.026827501,,,,,,,,
844,southern_us,lamb,-4.063047289,,,,,,,,
845,southern_us,cilantro,-4.158948876,,,,,,,,
846,southern_us,soy,-4.239261624,,,,,,,,
847,southern_us,wrapper,-4.417928055,,,,,,,,
848,southern_us,paste,-5.105143443,,,,,,,,
849,southern_us,yeast,-5.438326396,,,,,,,,
850,spanish,olive,6.720661693,,,,,,,,
851,spanish,sherry,6.701046698,,,,,,,,
852,spanish,chorizo,6.524648132,,,,,,,,
853,spanish,manchego,6.46039856,,,,,,,,
854,spanish,saffron,5.494278824,,,,,,,,
855,spanish,pinenuts,5.311684955,,,,,,,,
856,spanish,wine,5.174294385,,,,,,,,
857,spanish,salsa,5.157696361,,,,,,,,
858,spanish,chunky,4.916108055,,,,,,,,
859,spanish,egg,4.758296315,,,,,,,,
860,spanish,cucumber,4.628846101,,,,,,,,
861,spanish,club,4.430762986,,,,,,,,
862,spanish,spanish,4.387892246,,,,,,,,
863,spanish,tomato,4.084198885,,,,,,,,
864,spanish,fideos,4.04169457,,,,,,,,
865,spanish,cabrales,3.929926184,,,,,,,,
866,spanish,codfish,3.929247509,,,,,,,,
867,spanish,burgundy,3.864523653,,,,,,,,
868,spanish,octopus,3.863172481,,,,,,,,
869,spanish,avocado,3.804508887,,,,,,,,
870,spanish,paprika,3.770625598,,,,,,,,
871,spanish,escarole,3.755021646,,,,,,,,
872,spanish,heirloom,3.74792305,,,,,,,,
873,spanish,tuna,3.742332058,,,,,,,,
874,spanish,brandy,3.713025416,,,,,,,,
875,spanish,seltzer,3.674977421,,,,,,,,
876,spanish,chiffonade,3.662228717,,,,,,,,
877,spanish,bone,3.659022382,,,,,,,,
878,spanish,cava,3.649431079,,,,,,,,
879,spanish,casing,3.640218261,,,,,,,,
880,spanish,hanger,3.603020375,,,,,,,,
881,spanish,potato,3.595936417,,,,,,,,
882,spanish,calabaza,3.497934432,,,,,,,,
883,spanish,savoy,3.441412863,,,,,,,,
884,spanish,gruyère,3.405748459,,,,,,,,
885,spanish,garbanzo,3.403194598,,,,,,,,
886,spanish,pimento,3.395674744,,,,,,,,
887,spanish,champagne,3.350191057,,,,,,,,
888,spanish,endive,3.325164666,,,,,,,,
889,spanish,chickpea,3.32194415,,,,,,,,
890,spanish,peach,3.260710467,,,,,,,,
891,spanish,margarine,-3.389797674,,,,,,,,
892,spanish,cake,-3.414654507,,,,,,,,
893,spanish,wheat,-3.668986279,,,,,,,,
894,spanish,powder,-3.90059512,,,,,,,,
895,spanish,soy,-3.912304712,,,,,,,,
896,spanish,steak,-4.052041855,,,,,,,,
897,spanish,coconut,-4.426851134,,,,,,,,
898,spanish,reduced,-4.440809679,,,,,,,,
899,spanish,ginger,-5.565067609,,,,,,,,
900,thai,curry,7.2649608,,,,,,,,
901,thai,cilantro,7.258414473,,,,,,,,
902,thai,peanut,7.207332655,,,,,,,,
903,thai,thai,7.175710708,,,,,,,,
904,thai,palm,6.682870404,,,,,,,,
905,thai,tapioca,6.662284007,,,,,,,,
906,thai,basil,6.517769741,,,,,,,,
907,thai,fish,6.497296773,,,,,,,,
908,thai,lemongrass,5.779178965,,,,,,,,
909,thai,sauce,5.749026215,,,,,,,,
910,thai,galangal,5.325336626,,,,,,,,
911,thai,red,5.103214326,,,,,,,,
912,thai,coriander,5.037039996,,,,,,,,
913,thai,coconut,5.020065637,,,,,,,,
914,thai,unsweetened,4.845583392,,,,,,,,
915,thai,creamy,4.697682193,,,,,,,,
916,thai,sticky,4.679886535,,,,,,,,
917,thai,cashew,4.671514634,,,,,,,,
918,thai,paste,4.657635835,,,,,,,,
919,thai,jasmine,4.569428653,,,,,,,,
920,thai,grained,4.545370908,,,,,,,,
921,thai,lime,4.504273794,,,,,,,,
922,thai,soy,4.374126167,,,,,,,,
923,thai,chili,4.32877543,,,,,,,,
924,thai,sriracha,4.293702584,,,,,,,,
925,thai,wide,4.289620187,,,,,,,,
926,thai,lapsang,4.178398365,,,,,,,,
927,thai,tea,4.117187939,,,,,,,,
928,thai,pod,4.097720735,,,,,,,,
929,thai,jalapeno,4.074619414,,,,,,,,
930,thai,beansprouts,4.017667702,,,,,,,,
931,thai,linguine,3.904815125,,,,,,,,
932,thai,shallot,3.788136815,,,,,,,,
933,thai,sweet,3.765918394,,,,,,,,
934,thai,cayenne,3.732536253,,,,,,,,
935,thai,pesto,3.643764062,,,,,,,,
936,thai,nama,3.621872412,,,,,,,,
937,thai,chunky,3.582229481,,,,,,,,
938,thai,tuna,3.518300181,,,,,,,,
939,thai,burro,3.500449798,,,,,,,,
940,thai,pandanus,3.491474907,,,,,,,,
941,thai,cardamom,3.481596809,,,,,,,,
942,thai,chopped,-3.431157692,,,,,,,,
943,thai,bay,-3.646764521,,,,,,,,
944,thai,black,-3.827045711,,,,,,,,
945,thai,cinnamon,-3.897418022,,,,,,,,
946,thai,onion,-3.90335283,,,,,,,,
947,thai,pepper,-4.1008863,,,,,,,,
948,thai,tomato,-4.7313049,,,,,,,,
949,thai,potato,-6.8869207,,,,,,,,
950,vietnamese,fish,8.366054177,,,,,,,,
951,vietnamese,vietnamese,6.961789851,,,,,,,,
952,vietnamese,sauce,6.382966446,,,,,,,,
953,vietnamese,lemongrass,6.050829334,,,,,,,,
954,vietnamese,grass,5.656751787,,,,,,,,
955,vietnamese,tapioca,5.623942418,,,,,,,,
956,vietnamese,baguette,5.564339729,,,,,,,,
957,vietnamese,maggi,4.954770576,,,,,,,,
958,vietnamese,daikon,4.88683255,,,,,,,,
959,vietnamese,nuoc,4.845719286,,,,,,,,
960,vietnamese,noodle,4.83986394,,,,,,,,
961,vietnamese,beansprouts,4.713258336,,,,,,,,
962,vietnamese,canola,4.550585748,,,,,,,,
963,vietnamese,mung,4.496779369,,,,,,,,
964,vietnamese,carrot,4.488229854,,,,,,,,
965,vietnamese,condensed,4.45353607,,,,,,,,
966,vietnamese,star,4.238332061,,,,,,,,
967,vietnamese,thin,4.187383566,,,,,,,,
968,vietnamese,shallot,4.072804337,,,,,,,,
969,vietnamese,dumpling,4.036843191,,,,,,,,
970,vietnamese,tumeric,4.022715011,,,,,,,,
971,vietnamese,coffee,3.990881715,,,,,,,,
972,vietnamese,saigon,3.957081932,,,,,,,,
973,vietnamese,paper,3.915334814,,,,,,,,
974,vietnamese,thai,3.788048611,,,,,,,,
975,vietnamese,roll,3.734944775,,,,,,,,
976,vietnamese,basil,3.715309815,,,,,,,,
977,vietnamese,progresso,3.642800671,,,,,,,,
978,vietnamese,meat,3.589817007,,,,,,,,
979,vietnamese,fatback,3.588054587,,,,,,,,
980,vietnamese,starch,3.575115889,,,,,,,,
981,vietnamese,tofu,3.541966182,,,,,,,,
982,vietnamese,sesame,3.466273639,,,,,,,,
983,vietnamese,wheat,3.46194764,,,,,,,,
984,vietnamese,garlic,3.449326486,,,,,,,,
985,vietnamese,tiger,3.436730448,,,,,,,,
986,vietnamese,rice,3.426253859,,,,,,,,
987,vietnamese,caramel,3.417572245,,,,,,,,
988,vietnamese,pod,3.394934752,,,,,,,,
989,vietnamese,peanut,3.389255911,,,,,,,,
990,vietnamese,cilantro,3.356734939,,,,,,,,
991,vietnamese,cauliflower,3.315591664,,,,,,,,
992,vietnamese,coriander,3.296093865,,,,,,,,
993,vietnamese,hoisin,3.288430158,,,,,,,,
994,vietnamese,cream,-3.392493597,,,,,,,,
995,vietnamese,sherry,-3.399498512,,,,,,,,
996,vietnamese,tomato,-3.438261104,,,,,,,,
997,vietnamese,cumin,-3.545530112,,,,,,,,
998,vietnamese,stem,-3.684429061,,,,,,,,
999,vietnamese,cheese,-4.526077583,,,,,,,,
