,target,feature,weight,,,,,,,,,
0,brazilian,cachaca,2.801827169,,,,,,350,indian,curry,3.258223703
1,brazilian,açai,2.029572188,,,,,,351,indian,masala,2.358887605
2,brazilian,manioc,1.932786337,,,,,,352,indian,yogurt,2.285327048
3,brazilian,tapioca,1.481421501,,,,,,353,indian,cardamom,2.239544514
4,brazilian,dende,1.41441874,,,,,,354,indian,tandoori,2.02536888
5,brazilian,palm,1.35527477,,,,,,355,indian,yoghurt,1.731807433
6,brazilian,lime,1.321410396,,,,,,356,indian,chilies,1.690337281
7,brazilian,sprinkle,1.294837463,,,,,,357,indian,curd,1.68068947
8,brazilian,heart,1.184304416,,,,,,358,indian,naan,1.663419666
9,brazilian,collard,1.178534639,,,,,,359,indian,cumin,1.639396815
10,brazilian,passion,1.135743611,,,,,,360,indian,garam,1.352101544
11,brazilian,granola,1.09990218,,,,,,361,indian,oil,1.334345253
12,brazilian,acai,1.087339147,,,,,,362,indian,pistachio,1.281113348
13,brazilian,coconut,1.04818751,,,,,,363,indian,ghee,1.264225283
14,brazilian,yucca,1.009875022,,,,,,364,indian,chutney,1.252319688
15,brazilian,cheese,0.984368611,,,,,,365,indian,chapati,1.222803853
16,brazilian,milk,0.964058697,,,,,,366,indian,basmati,1.190191797
17,brazilian,salsa,0.870844077,,,,,,367,indian,ginger,1.186846437
18,brazilian,pure,0.832167282,,,,,,368,indian,cilantro,1.169156065
19,brazilian,tomato,0.828086237,,,,,,369,indian,chile,1.163755223
20,brazilian,shrimp,0.821006571,,,,,,370,indian,turmeric,1.114959567
21,brazilian,bay,0.817968718,,,,,,371,indian,tamarind,1.085377356
22,brazilian,tongue,0.809162942,,,,,,372,indian,lentil,1.083096377
23,brazilian,chia,0.782790351,,,,,,373,indian,cardamon,1.080462669
24,brazilian,meal,0.772413451,,,,,,374,indian,cashew,1.065959942
25,brazilian,bean,0.766774763,,,,,,375,indian,cauliflower,0.978612589
26,brazilian,farofa,0.76417362,,,,,,376,indian,seed,0.968114145
27,brazilian,cashew,0.761610136,,,,,,377,indian,tumeric,0.956270961
28,brazilian,vodka,0.760432244,,,,,,378,indian,coriander,0.933639859
29,brazilian,condensed,0.748443458,,,,,,379,indian,paneer,0.92937618
30,brazilian,blueberry,0.742094745,,,,,,380,indian,soy,-0.896739249
31,brazilian,licor,0.739589319,,,,,,381,indian,cherry,-0.905488588
32,brazilian,bacon,0.738993293,,,,,,382,indian,smoked,-0.916947397
33,brazilian,cilantro,0.735445455,,,,,,383,indian,bay,-0.922856322
34,brazilian,chocolate,0.734158608,,,,,,384,indian,snow,-0.956991578
35,brazilian,orange,0.732550762,,,,,,385,indian,lemongrass,-0.972610441
36,brazilian,berry,0.709817428,,,,,,386,indian,beer,-0.975187766
37,brazilian,oil,0.705104777,,,,,,387,indian,vanilla,-0.977377665
38,brazilian,cocoa,0.701912984,,,,,,388,indian,pork,-0.997845457
39,brazilian,chevre,0.701556096,,,,,,389,indian,olive,-1.001870096
40,brazilian,bell,0.700379939,,,,,,390,indian,thai,-1.055223683
41,brazilian,ice,0.691541229,,,,,,391,indian,fish,-1.099867492
42,brazilian,chimichurri,0.668868485,,,,,,392,indian,allspice,-1.133102047
43,brazilian,peppered,0.665761704,,,,,,393,indian,orange,-1.138857078
44,brazilian,parsley,0.650117162,,,,,,394,indian,thyme,-1.207183165
45,brazilian,stone,0.646092717,,,,,,395,indian,grass,-1.222574374
46,brazilian,cardamom,-0.645063496,,,,,,396,indian,egg,-1.248392236
47,brazilian,basil,-0.704414996,,,,,,397,indian,parsley,-1.257633924
48,brazilian,sauce,-0.749271774,,,,,,398,indian,garlic,-1.342776421
49,brazilian,evaporated,-1.022900891,,,,,,399,indian,celery,-1.355035783
50,british,stilton,2.923078292,,,,,,,,,
51,british,mincemeat,1.648124746,,,,,,,,,
52,british,malt,1.619290662,,,,,,,,,
53,british,currant,1.596675679,,,,,,,,,
54,british,jam,1.557340553,,,,,,,,,
55,british,cheddar,1.553480954,,,,,,,,,
56,british,mustard,1.405248656,,,,,,,,,
57,british,suet,1.398558501,,,,,,,,,
58,british,haddock,1.355731761,,,,,,,,,
59,british,marmite,1.301559676,,,,,,,,,
60,british,date,1.256719582,,,,,,,,,
61,british,dripping,1.243467436,,,,,,,,,
62,british,porridge,1.213716238,,,,,,,,,
63,british,sponge,1.209958732,,,,,,,,,
64,british,sausage,1.180625729,,,,,,,,,
65,british,worcestershire,1.177690126,,,,,,,,,
66,british,fino,1.129675503,,,,,,,,,
67,british,scotch,1.111525329,,,,,,,,,
68,british,kidney,1.106249652,,,,,,,,,
69,british,double,0.991115969,,,,,,,,,
70,british,beer,0.981517851,,,,,,,,,
71,british,tumeric,0.966883183,,,,,,,,,
72,british,gravy,0.940139313,,,,,,,,,
73,british,savoy,0.889616463,,,,,,,,,
74,british,pickling,0.876694116,,,,,,,,,
75,british,sherry,0.858845152,,,,,,,,,
76,british,allspice,0.858347389,,,,,,,,,
77,british,kipper,0.853231457,,,,,,,,,
78,british,beef,0.850873955,,,,,,,,,
79,british,english,0.824573794,,,,,,,,,
80,british,cauliflower,0.821003451,,,,,,,,,
81,british,ale,0.811775106,,,,,,,,,
82,british,nest,0.80426517,,,,,,,,,
83,british,prosciutto,0.803837215,,,,,,,,,
84,british,split,0.797003823,,,,,,,,,
85,british,pate,0.785228019,,,,,,,,,
86,british,cod,0.779646598,,,,,,,,,
87,british,liver,0.756576938,,,,,,,,,
88,british,pippin,0.754192592,,,,,,,,,
89,british,heavy,0.745631301,,,,,,,,,
90,british,runny,0.73678609,,,,,,,,,
91,british,custard,0.732922113,,,,,,,,,
92,british,covered,0.732829451,,,,,,,,,
93,british,range,0.719961874,,,,,,,,,
94,british,pan,-0.732752468,,,,,,,,,
95,british,gruyere,-0.744014452,,,,,,,,,
96,british,garlic,-0.80377998,,,,,,,,,
97,british,sweet,-0.831026426,,,,,,,,,
98,british,green,-0.831208794,,,,,,,,,
99,british,chicken,-0.846993736,,,,,,,,,
100,cajun_creole,cajun,3.695021266,,,,,,,,,
101,cajun_creole,creole,3.085938927,,,,,,,,,
102,cajun_creole,andouille,2.031590059,,,,,,,,,
103,cajun_creole,celery,1.806112424,,,,,,,,,
104,cajun_creole,crawfish,1.761653123,,,,,,,,,
105,cajun_creole,okra,1.453886289,,,,,,,,,
106,cajun_creole,sausage,1.441125938,,,,,,,,,
107,cajun_creole,mirlitons,1.433649538,,,,,,,,,
108,cajun_creole,thyme,1.314773612,,,,,,,,,
109,cajun_creole,shrimp,1.287549335,,,,,,,,,
110,cajun_creole,redfish,1.203193863,,,,,,,,,
111,cajun_creole,catfish,1.190279683,,,,,,,,,
112,cajun_creole,cayenne,1.169090098,,,,,,,,,
113,cajun_creole,blackening,1.109359384,,,,,,,,,
114,cajun_creole,boudin,1.079284537,,,,,,,,,
115,cajun_creole,jambalaya,0.999396948,,,,,,,,,
116,cajun_creole,file,0.980171602,,,,,,,,,
117,cajun_creole,roux,0.972578939,,,,,,,,,
118,cajun_creole,pepper,0.95994061,,,,,,,,,
119,cajun_creole,mortadella,0.928346877,,,,,,,,,
120,cajun_creole,poblano,0.918860747,,,,,,,,,
121,cajun_creole,oregano,0.901171555,,,,,,,,,
122,cajun_creole,gumbo,0.886196114,,,,,,,,,
123,cajun_creole,yeast,0.878521875,,,,,,,,,
124,cajun_creole,seasoning,0.872618603,,,,,,,,,
125,cajun_creole,spice,0.870588698,,,,,,,,,
126,cajun_creole,kidney,0.859091316,,,,,,,,,
127,cajun_creole,evaporated,0.854196743,,,,,,,,,
128,cajun_creole,bay,0.843826037,,,,,,,,,
129,cajun_creole,tabasco,0.836119608,,,,,,,,,
130,cajun_creole,worcestershire,0.831182539,,,,,,,,,
131,cajun_creole,provolone,0.831172616,,,,,,,,,
132,cajun_creole,diced,0.827340959,,,,,,,,,
133,cajun_creole,green,0.824460917,,,,,,,,,
134,cajun_creole,rotel,0.816650219,,,,,,,,,
135,cajun_creole,pecan,0.806237678,,,,,,,,,
136,cajun_creole,rice,0.798352004,,,,,,,,,
137,cajun_creole,giblet,0.790549373,,,,,,,,,
138,cajun_creole,liver,0.766608127,,,,,,,,,
139,cajun_creole,paprika,0.752504857,,,,,,,,,
140,cajun_creole,grease,0.751860005,,,,,,,,,
141,cajun_creole,sack,-0.745987261,,,,,,,,,
142,cajun_creole,breadcrumb,-0.756341134,,,,,,,,,
143,cajun_creole,soy,-0.815829832,,,,,,,,,
144,cajun_creole,baked,-0.81797388,,,,,,,,,
145,cajun_creole,pea,-0.827899151,,,,,,,,,
146,cajun_creole,clam,-0.926000909,,,,,,,,,
147,cajun_creole,cheddar,-0.981858153,,,,,,,,,
148,cajun_creole,carrot,-1.058862501,,,,,,,,,
149,cajun_creole,curry,-1.07547626,,,,,,,,,
150,chinese,szechwan,2.647281349,,,,,,,,,
151,chinese,ginger,2.258655385,,,,,,,,,
152,chinese,chinese,2.109810656,,,,,,,,,
153,chinese,mandarin,1.94884036,,,,,,,,,
154,chinese,mein,1.809784586,,,,,,,,,
155,chinese,soy,1.778828664,,,,,,,,,
156,chinese,oil,1.761177335,,,,,,,,,
157,chinese,shaoxing,1.703223134,,,,,,,,,
158,chinese,hoisin,1.677978578,,,,,,,,,
159,chinese,five,1.614850071,,,,,,,,,
160,chinese,fermented,1.500270521,,,,,,,,,
161,chinese,cornflour,1.43669233,,,,,,,,,
162,chinese,custard,1.411852361,,,,,,,,,
163,chinese,wrapper,1.319070844,,,,,,,,,
164,chinese,sauce,1.289920922,,,,,,,,,
165,chinese,yardlong,1.285246707,,,,,,,,,
166,chinese,starch,1.261256361,,,,,,,,,
167,chinese,pea,1.253911685,,,,,,,,,
168,chinese,duck,1.211850989,,,,,,,,,
169,chinese,corn,1.207812669,,,,,,,,,
170,chinese,broccoli,1.183526292,,,,,,,,,
171,chinese,wonton,1.165332749,,,,,,,,,
172,chinese,chow,1.0591979,,,,,,,,,
173,chinese,green,1.059030048,,,,,,,,,
174,chinese,oyster,1.058057952,,,,,,,,,
175,chinese,popcorn,1.02213865,,,,,,,,,
176,chinese,chestnut,1.011334419,,,,,,,,,
177,chinese,maggi,1.003359789,,,,,,,,,
178,chinese,chinkiang,0.986100546,,,,,,,,,
179,chinese,essence,0.981462834,,,,,,,,,
180,chinese,winter,0.981057052,,,,,,,,,
181,chinese,snapper,0.949448842,,,,,,,,,
182,chinese,choy,0.945813041,,,,,,,,,
183,chinese,pineapple,0.937350484,,,,,,,,,
184,chinese,scallion,0.93242949,,,,,,,,,
185,chinese,tofu,0.921507902,,,,,,,,,
186,chinese,glutinous,0.887375633,,,,,,,,,
187,chinese,gochujang,-0.893848306,,,,,,,,,
188,chinese,syrup,-0.894804322,,,,,,,,,
189,chinese,cauliflower,-0.91003103,,,,,,,,,
190,chinese,dashi,-0.949873028,,,,,,,,,
191,chinese,chilies,-0.957763661,,,,,,,,,
192,chinese,kimchi,-1.006028213,,,,,,,,,
193,chinese,miso,-1.049269364,,,,,,,,,
194,chinese,lime,-1.090105392,,,,,,,,,
195,chinese,nori,-1.124589088,,,,,,,,,
196,chinese,butter,-1.297144026,,,,,,,,,
197,chinese,fish,-1.316351879,,,,,,,,,
198,chinese,bay,-1.578224784,,,,,,,,,
199,chinese,mirin,-1.720977932,,,,,,,,,
200,filipino,calamansi,2.404943473,,,,,,,,,
201,filipino,lumpia,1.734427701,,,,,,,,,
202,filipino,soy,1.63268297,,,,,,,,,
203,filipino,garlic,1.486171851,,,,,,,,,
204,filipino,edam,1.437116658,,,,,,,,,
205,filipino,dog,1.409102801,,,,,,,,,
206,filipino,sprite,1.38144341,,,,,,,,,
207,filipino,peppercorn,1.351901211,,,,,,,,,
208,filipino,mussel,1.213372483,,,,,,,,,
209,filipino,oil,1.192295935,,,,,,,,,
210,filipino,tilapia,1.183444283,,,,,,,,,
211,filipino,annatto,1.179714687,,,,,,,,,
212,filipino,patis,1.154039845,,,,,,,,,
213,filipino,coconut,1.125955499,,,,,,,,,
214,filipino,accent,1.117299346,,,,,,,,,
215,filipino,cheddar,1.083091423,,,,,,,,,
216,filipino,plantain,1.069020713,,,,,,,,,
217,filipino,cooking,1.068381238,,,,,,,,,
218,filipino,rom,1.032325728,,,,,,,,,
219,filipino,cantaloupe,0.976889485,,,,,,,,,
220,filipino,jackfruit,0.975604993,,,,,,,,,
221,filipino,glutinous,0.964439109,,,,,,,,,
222,filipino,papaya,0.961107309,,,,,,,,,
223,filipino,wrapper,0.95064877,,,,,,,,,
224,filipino,evaporated,0.937942111,,,,,,,,,
225,filipino,thai,0.926442659,,,,,,,,,
226,filipino,ampalaya,0.898434421,,,,,,,,,
227,filipino,belly,0.898228309,,,,,,,,,
228,filipino,fried,0.897051465,,,,,,,,,
229,filipino,tendon,0.893111542,,,,,,,,,
230,filipino,eggplant,0.875979637,,,,,,,,,
231,filipino,base,0.842486253,,,,,,,,,
232,filipino,liver,0.81075951,,,,,,,,,
233,filipino,bitter,0.810602473,,,,,,,,,
234,filipino,shrimp,0.809862889,,,,,,,,,
235,filipino,milkfish,0.802860805,,,,,,,,,
236,filipino,cinnamon,-0.809568107,,,,,,,,,
237,filipino,chopped,-0.816461077,,,,,,,,,
238,filipino,wafer,-0.817250794,,,,,,,,,
239,filipino,sherry,-0.829078471,,,,,,,,,
240,filipino,nutmeg,-0.876559161,,,,,,,,,
241,filipino,medium,-0.886203194,,,,,,,,,
242,filipino,olive,-0.888784732,,,,,,,,,
243,filipino,spray,-0.891235031,,,,,,,,,
244,filipino,wine,-0.912116392,,,,,,,,,
245,filipino,parsley,-0.955494588,,,,,,,,,
246,filipino,sesame,-1.104958034,,,,,,,,,
247,filipino,tea,-1.281407403,,,,,,,,,
248,filipino,basil,-1.287414536,,,,,,,,,
249,filipino,cracked,-1.312575168,,,,,,,,,
250,french,gruyere,2.787124432,,,,,,,,,
251,french,niçoise,2.085416216,,,,,,,,,
252,french,crepe,2.053499431,,,,,,,,,
253,french,gruyère,1.86834868,,,,,,,,,
254,french,swiss,1.778458963,,,,,,,,,
255,french,cognac,1.5940445,,,,,,,,,
256,french,tarragon,1.584070207,,,,,,,,,
257,french,sole,1.557058879,,,,,,,,,
258,french,calvados,1.54334021,,,,,,,,,
259,french,brie,1.490157075,,,,,,,,,
260,french,thyme,1.454216656,,,,,,,,,
261,french,lavender,1.40022948,,,,,,,,,
262,french,duck,1.356187496,,,,,,,,,
263,french,pearl,1.348484383,,,,,,,,,
264,french,prune,1.344713029,,,,,,,,,
265,french,bosc,1.269758211,,,,,,,,,
266,french,roquefort,1.255033479,,,,,,,,,
267,french,shallot,1.246889946,,,,,,,,,
268,french,burgundy,1.244787118,,,,,,,,,
269,french,rouille,1.240208122,,,,,,,,,
270,french,fri,1.173313304,,,,,,,,,
271,french,dijon,1.165603577,,,,,,,,,
272,french,framboise,1.155808189,,,,,,,,,
273,french,pastis,1.12106827,,,,,,,,,
274,french,frisee,1.097837507,,,,,,,,,
275,french,savory,1.055605234,,,,,,,,,
276,french,kalamata,1.054815199,,,,,,,,,
277,french,chambord,1.031365338,,,,,,,,,
278,french,tapenade,1.025833254,,,,,,,,,
279,french,blanc,1.025349601,,,,,,,,,
280,french,snail,1.019081411,,,,,,,,,
281,french,wine,1.017687437,,,,,,,,,
282,french,gras,1.009205352,,,,,,,,,
283,french,shiitake,-1.017676432,,,,,,,,,
284,french,mexican,-1.064293631,,,,,,,,,
285,french,condensed,-1.065943778,,,,,,,,,
286,french,pappardelle,-1.067307877,,,,,,,,,
287,french,sweet,-1.073030828,,,,,,,,,
288,french,chilies,-1.098696308,,,,,,,,,
289,french,linguine,-1.135168922,,,,,,,,,
290,french,buttermilk,-1.144837559,,,,,,,,,
291,french,stilton,-1.150098316,,,,,,,,,
292,french,wafer,-1.177920929,,,,,,,,,
293,french,cinnamon,-1.182844801,,,,,,,,,
294,french,powder,-1.287712193,,,,,,,,,
295,french,custard,-1.290056563,,,,,,,,,
296,french,chard,-1.303174483,,,,,,,,,
297,french,rice,-1.338325309,,,,,,,,,
298,french,oil,-1.398152434,,,,,,,,,
299,french,prosciutto,-1.659362798,,,,,,,,,
300,greek,feta,3.254725288,,,,,,,,,
301,greek,greek,2.475672378,,,,,,,,,
302,greek,phyllo,2.461198165,,,,,,,,,
303,greek,oregano,2.379141402,,,,,,,,,
304,greek,lamb,1.782203095,,,,,,,,,
305,greek,dill,1.656112339,,,,,,,,,
306,greek,yogurt,1.596862594,,,,,,,,,
307,greek,ouzo,1.52491873,,,,,,,,,
308,greek,olive,1.518711895,,,,,,,,,
309,greek,bulgur,1.493114079,,,,,,,,,
310,greek,kalamata,1.465626307,,,,,,,,,
311,greek,tahini,1.395458164,,,,,,,,,
312,greek,orzo,1.380902367,,,,,,,,,
313,greek,pita,1.219935279,,,,,,,,,
314,greek,kasseri,1.219547403,,,,,,,,,
315,greek,flatbread,1.189529989,,,,,,,,,
316,greek,lemon,1.188616459,,,,,,,,,
317,greek,cucumber,1.165631865,,,,,,,,,
318,greek,hummus,1.123333479,,,,,,,,,
319,greek,tzatziki,1.046180428,,,,,,,,,
320,greek,eggplant,1.010591388,,,,,,,,,
321,greek,strong,0.981667486,,,,,,,,,
322,greek,roe,0.937387284,,,,,,,,,
323,greek,cinnamon,0.923342844,,,,,,,,,
324,greek,filo,0.919694428,,,,,,,,,
325,greek,garbanzo,0.9113732,,,,,,,,,
326,greek,sundried,0.875744777,,,,,,,,,
327,greek,spread,0.873254396,,,,,,,,,
328,greek,chevre,0.848041539,,,,,,,,,
329,greek,walnut,0.840580462,,,,,,,,,
330,greek,mint,0.822725131,,,,,,,,,
331,greek,tarama,0.817082658,,,,,,,,,
332,greek,mullet,0.809422615,,,,,,,,,
333,greek,vidalia,-0.804828429,,,,,,,,,
334,greek,chile,-0.824795811,,,,,,,,,
335,greek,spice,-0.83011502,,,,,,,,,
336,greek,cabbage,-0.872685523,,,,,,,,,
337,greek,sourdough,-0.873337678,,,,,,,,,
338,greek,ice,-0.876776502,,,,,,,,,
339,greek,tagliatelle,-0.877900183,,,,,,,,,
340,greek,mozzarella,-0.895371783,,,,,,,,,
341,greek,baguette,-0.934905669,,,,,,,,,
342,greek,bacon,-0.948246238,,,,,,,,,
343,greek,cheddar,-0.977694894,,,,,,,,,
344,greek,sugar,-0.982659777,,,,,,,,,
345,greek,salmon,-0.995036375,,,,,,,,,
346,greek,cumin,-1.077754693,,,,,,,,,
347,greek,orecchiette,-1.24216848,,,,,,,,,
348,greek,ginger,-1.409134227,,,,,,,,,
349,greek,cilantro,-2.249589921,,,,,,,,,
350,indian,curry,3.258223703,,,,,,,,,
351,indian,masala,2.358887605,,,,,,,,,
352,indian,yogurt,2.285327048,,,,,,,,,
353,indian,cardamom,2.239544514,,,,,,,,,
354,indian,tandoori,2.02536888,,,,,,,,,
355,indian,yoghurt,1.731807433,,,,,,,,,
356,indian,chilies,1.690337281,,,,,,,,,
357,indian,curd,1.68068947,,,,,,,,,
358,indian,naan,1.663419666,,,,,,,,,
359,indian,cumin,1.639396815,,,,,,,,,
360,indian,garam,1.352101544,,,,,,,,,
361,indian,oil,1.334345253,,,,,,,,,
362,indian,pistachio,1.281113348,,,,,,,,,
363,indian,ghee,1.264225283,,,,,,,,,
364,indian,chutney,1.252319688,,,,,,,,,
365,indian,chapati,1.222803853,,,,,,,,,
366,indian,basmati,1.190191797,,,,,,,,,
367,indian,ginger,1.186846437,,,,,,,,,
368,indian,cilantro,1.169156065,,,,,,,,,
369,indian,chile,1.163755223,,,,,,,,,
370,indian,turmeric,1.114959567,,,,,,,,,
371,indian,tamarind,1.085377356,,,,,,,,,
372,indian,lentil,1.083096377,,,,,,,,,
373,indian,cardamon,1.080462669,,,,,,,,,
374,indian,cashew,1.065959942,,,,,,,,,
375,indian,cauliflower,0.978612589,,,,,,,,,
376,indian,seed,0.968114145,,,,,,,,,
377,indian,tumeric,0.956270961,,,,,,,,,
378,indian,coriander,0.933639859,,,,,,,,,
379,indian,paneer,0.92937618,,,,,,,,,
380,indian,soy,-0.896739249,,,,,,,,,
381,indian,cherry,-0.905488588,,,,,,,,,
382,indian,smoked,-0.916947397,,,,,,,,,
383,indian,bay,-0.922856322,,,,,,,,,
384,indian,snow,-0.956991578,,,,,,,,,
385,indian,lemongrass,-0.972610441,,,,,,,,,
386,indian,beer,-0.975187766,,,,,,,,,
387,indian,vanilla,-0.977377665,,,,,,,,,
388,indian,pork,-0.997845457,,,,,,,,,
389,indian,olive,-1.001870096,,,,,,,,,
390,indian,thai,-1.055223683,,,,,,,,,
391,indian,fish,-1.099867492,,,,,,,,,
392,indian,allspice,-1.133102047,,,,,,,,,
393,indian,orange,-1.138857078,,,,,,,,,
394,indian,thyme,-1.207183165,,,,,,,,,
395,indian,grass,-1.222574374,,,,,,,,,
396,indian,egg,-1.248392236,,,,,,,,,
397,indian,parsley,-1.257633924,,,,,,,,,
398,indian,garlic,-1.342776421,,,,,,,,,
399,indian,celery,-1.355035783,,,,,,,,,
400,irish,irish,3.263607414,,,,,,,,,
401,irish,corned,2.143365051,,,,,,,,,
402,irish,guinness,2.056480525,,,,,,,,,
403,irish,potato,1.861965562,,,,,,,,,
404,irish,brisket,1.589336852,,,,,,,,,
405,irish,stout,1.190818072,,,,,,,,,
406,irish,cabbage,1.173404806,,,,,,,,,
407,irish,lamb,1.165803455,,,,,,,,,
408,irish,buttermilk,1.138422015,,,,,,,,,
409,irish,steel,1.116935194,,,,,,,,,
410,irish,raisin,1.052757608,,,,,,,,,
411,irish,beer,1.004584005,,,,,,,,,
412,irish,soda,0.961787113,,,,,,,,,
413,irish,lowfat,0.908662164,,,,,,,,,
414,irish,leek,0.862135379,,,,,,,,,
415,irish,mashed,0.830621224,,,,,,,,,
416,irish,blood,0.829791724,,,,,,,,,
417,irish,rock,0.824171919,,,,,,,,,
418,irish,rhubarb,0.788113138,,,,,,,,,
419,irish,bacon,0.786435351,,,,,,,,,
420,irish,whiskey,0.759875197,,,,,,,,,
421,irish,wheat,0.755210342,,,,,,,,,
422,irish,caraway,0.740397961,,,,,,,,,
423,irish,scallion,0.739697332,,,,,,,,,
424,irish,menthe,0.736641146,,,,,,,,,
425,irish,and,0.721398358,,,,,,,,,
426,irish,prime,0.717811369,,,,,,,,,
427,irish,shoulder,0.676634392,,,,,,,,,
428,irish,pudding,0.663102021,,,,,,,,,
429,irish,oat,0.65764437,,,,,,,,,
430,irish,thaw,0.655378208,,,,,,,,,
431,irish,stock,0.654281565,,,,,,,,,
432,irish,spray,0.652076331,,,,,,,,,
433,irish,stew,0.650868125,,,,,,,,,
434,irish,gluten,0.64879919,,,,,,,,,
435,irish,banger,0.642508016,,,,,,,,,
436,irish,cheddar,0.63445056,,,,,,,,,
437,irish,pernod,0.630035118,,,,,,,,,
438,irish,chili,-0.636485968,,,,,,,,,
439,irish,sauce,-0.639067386,,,,,,,,,
440,irish,yeast,-0.642216335,,,,,,,,,
441,irish,double,-0.661386529,,,,,,,,,
442,irish,active,-0.674337681,,,,,,,,,
443,irish,ice,-0.679786058,,,,,,,,,
444,irish,chicken,-0.829352659,,,,,,,,,
445,irish,coriander,-0.840926929,,,,,,,,,
446,irish,curry,-0.891177221,,,,,,,,,
447,irish,rice,-1.005193494,,,,,,,,,
448,irish,sweet,-1.173943999,,,,,,,,,
449,irish,oil,-1.242011114,,,,,,,,,
450,italian,italian,2.794509972,,,,,,,,,
451,italian,arborio,2.777524407,,,,,,,,,
452,italian,polenta,2.463037303,,,,,,,,,
453,italian,spaghetti,2.451642091,,,,,,,,,
454,italian,gnocchi,2.425278265,,,,,,,,,
455,italian,mascarpone,2.365674021,,,,,,,,,
456,italian,ricotta,2.218149056,,,,,,,,,
457,italian,parmesan,2.116524427,,,,,,,,,
458,italian,marsala,2.093204043,,,,,,,,,
459,italian,marinara,2.035066296,,,,,,,,,
460,italian,pasta,1.995381305,,,,,,,,,
461,italian,basil,1.920651143,,,,,,,,,
462,italian,fettucine,1.897951677,,,,,,,,,
463,italian,pesto,1.801858788,,,,,,,,,
464,italian,mozzarella,1.769503152,,,,,,,,,
465,italian,linguine,1.769026235,,,,,,,,,
466,italian,amaretti,1.731773114,,,,,,,,,
467,italian,asiago,1.689389504,,,,,,,,,
468,italian,prosciutto,1.66340112,,,,,,,,,
469,italian,olive,1.655073308,,,,,,,,,
470,italian,gorgonzola,1.553576225,,,,,,,,,
471,italian,orecchiette,1.51958141,,,,,,,,,
472,italian,cannellini,1.43565751,,,,,,,,,
473,italian,campari,1.431166033,,,,,,,,,
474,italian,hazelnut,1.426063353,,,,,,,,,
475,italian,balsamic,1.413236225,,,,,,,,,
476,italian,pancetta,1.408063348,,,,,,,,,
477,italian,unflavored,1.403971508,,,,,,,,,
478,italian,amaretto,1.40028748,,,,,,,,,
479,italian,pappardelle,1.391790366,,,,,,,,,
480,italian,limoncello,1.383173401,,,,,,,,,
481,italian,pinenuts,1.326600237,,,,,,,,,
482,italian,penne,1.324393473,,,,,,,,,
483,italian,hash,1.30499245,,,,,,,,,
484,italian,ladyfinger,1.283290778,,,,,,,,,
485,italian,spaghettini,1.279147582,,,,,,,,,
486,italian,curry,-1.326535446,,,,,,,,,
487,italian,feta,-1.373192766,,,,,,,,,
488,italian,cucumber,-1.373872343,,,,,,,,,
489,italian,saffron,-1.37464061,,,,,,,,,
490,italian,onion,-1.473570654,,,,,,,,,
491,italian,uncook,-1.515778368,,,,,,,,,
492,italian,cumin,-1.520945892,,,,,,,,,
493,italian,andouille,-1.531038354,,,,,,,,,
494,italian,gruyère,-1.531848927,,,,,,,,,
495,italian,cayenne,-1.556783991,,,,,,,,,
496,italian,niçoise,-1.701145907,,,,,,,,,
497,italian,grit,-1.702814033,,,,,,,,,
498,italian,tortilla,-1.853136308,,,,,,,,,
499,italian,cajun,-2.346124052,,,,,,,,,
500,jamaican,jerk,3.274435961,,,,,,,,,
501,jamaican,thyme,2.735672989,,,,,,,,,
502,jamaican,allspice,2.349228867,,,,,,,,,
503,jamaican,jamaican,1.845114579,,,,,,,,,
504,jamaican,nutmeg,1.787431963,,,,,,,,,
505,jamaican,curry,1.635737433,,,,,,,,,
506,jamaican,rum,1.510282811,,,,,,,,,
507,jamaican,lime,1.482716574,,,,,,,,,
508,jamaican,breadfruit,1.38889095,,,,,,,,,
509,jamaican,pepper,1.383216443,,,,,,,,,
510,jamaican,coconut,1.287030538,,,,,,,,,
511,jamaican,scallion,1.259854939,,,,,,,,,
512,jamaican,okra,1.055848464,,,,,,,,,
513,jamaican,codfish,1.048991303,,,,,,,,,
514,jamaican,sorrel,0.996047393,,,,,,,,,
515,jamaican,callaloo,0.957089571,,,,,,,,,
516,jamaican,caribbean,0.953687343,,,,,,,,,
517,jamaican,cold,0.939690709,,,,,,,,,
518,jamaican,season,0.928802263,,,,,,,,,
519,jamaican,scotch,0.926023423,,,,,,,,,
520,jamaican,crumb,0.9252972,,,,,,,,,
521,jamaican,snapper,0.92170948,,,,,,,,,
522,jamaican,habanero,0.91430238,,,,,,,,,
523,jamaican,salted,0.89847507,,,,,,,,,
524,jamaican,ackee,0.883295728,,,,,,,,,
525,jamaican,cho,0.876769241,,,,,,,,,
526,jamaican,cornmeal,0.85658341,,,,,,,,,
527,jamaican,bonnet,0.820200985,,,,,,,,,
528,jamaican,banana,0.805414947,,,,,,,,,
529,jamaican,pickapeppa,0.778292069,,,,,,,,,
530,jamaican,berry,0.771627306,,,,,,,,,
531,jamaican,ketchup,0.767574672,,,,,,,,,
532,jamaican,ginger,0.75595532,,,,,,,,,
533,jamaican,spice,0.754207338,,,,,,,,,
534,jamaican,jalapeno,0.714985061,,,,,,,,,
535,jamaican,kidney,0.705559544,,,,,,,,,
536,jamaican,soursop,0.704221698,,,,,,,,,
537,jamaican,pimento,0.68745281,,,,,,,,,
538,jamaican,cinnamon,0.677737044,,,,,,,,,
539,jamaican,onion,0.673272092,,,,,,,,,
540,jamaican,plantain,0.659438775,,,,,,,,,
541,jamaican,spray,-0.661461598,,,,,,,,,
542,jamaican,tomato,-0.666766293,,,,,,,,,
543,jamaican,shallot,-0.676484538,,,,,,,,,
544,jamaican,paprika,-0.701793505,,,,,,,,,
545,jamaican,honey,-0.724505382,,,,,,,,,
546,jamaican,light,-0.73603359,,,,,,,,,
547,jamaican,egg,-0.844677322,,,,,,,,,
548,jamaican,oregano,-1.066318054,,,,,,,,,
549,jamaican,olive,-1.085252231,,,,,,,,,
550,japanese,miso,2.888198913,,,,,,,,,
551,japanese,mirin,2.707918621,,,,,,,,,
552,japanese,sake,2.642280735,,,,,,,,,
553,japanese,dashi,2.288830139,,,,,,,,,
554,japanese,soba,2.145573186,,,,,,,,,
555,japanese,nori,1.949574339,,,,,,,,,
556,japanese,bonito,1.833295647,,,,,,,,,
557,japanese,edamame,1.755595356,,,,,,,,,
558,japanese,wasabi,1.73262866,,,,,,,,,
559,japanese,udon,1.612733095,,,,,,,,,
560,japanese,mochiko,1.495123249,,,,,,,,,
561,japanese,soy,1.475530921,,,,,,,,,
562,japanese,gyoza,1.357725011,,,,,,,,,
563,japanese,tonkatsu,1.341194043,,,,,,,,,
564,japanese,shiso,1.337034266,,,,,,,,,
565,japanese,matcha,1.250410975,,,,,,,,,
566,japanese,ginger,1.218982154,,,,,,,,,
567,japanese,ume,1.195733897,,,,,,,,,
568,japanese,garam,1.186252809,,,,,,,,,
569,japanese,teriyaki,1.155144323,,,,,,,,,
570,japanese,cardamom,1.144910448,,,,,,,,,
571,japanese,konbu,1.093995914,,,,,,,,,
572,japanese,sushi,1.069155387,,,,,,,,,
573,japanese,turmeric,1.034412189,,,,,,,,,
574,japanese,soman,0.969111148,,,,,,,,,
575,japanese,japanese,0.967865261,,,,,,,,,
576,japanese,rice,0.940122625,,,,,,,,,
577,japanese,shoyu,0.897266633,,,,,,,,,
578,japanese,round,0.880273073,,,,,,,,,
579,japanese,seaweed,0.876119839,,,,,,,,,
580,japanese,shichimi,0.865440707,,,,,,,,,
581,japanese,persian,0.837739061,,,,,,,,,
582,japanese,katakuriko,0.830597571,,,,,,,,,
583,japanese,powder,0.823084613,,,,,,,,,
584,japanese,umeboshi,0.801633566,,,,,,,,,
585,japanese,ramen,0.796174302,,,,,,,,,
586,japanese,masala,0.786956662,,,,,,,,,
587,japanese,heeng,0.778850965,,,,,,,,,
588,japanese,togarashi,0.768044312,,,,,,,,,
589,japanese,paprika,-0.765901384,,,,,,,,,
590,japanese,duck,-0.76824172,,,,,,,,,
591,japanese,creamy,-0.793306389,,,,,,,,,
592,japanese,mint,-0.825815689,,,,,,,,,
593,japanese,drumstick,-0.844335207,,,,,,,,,
594,japanese,oyster,-0.897226725,,,,,,,,,
595,japanese,jalapeno,-0.935365826,,,,,,,,,
596,japanese,pickled,-0.950931052,,,,,,,,,
597,japanese,kimchi,-0.980365471,,,,,,,,,
598,japanese,garlic,-1.311628886,,,,,,,,,
599,japanese,olive,-1.484458934,,,,,,,,,
600,korean,kimchi,3.422312559,,,,,,,,,
601,korean,sesame,2.704792207,,,,,,,,,
602,korean,gochujang,2.31823291,,,,,,,,,
603,korean,korean,1.764019803,,,,,,,,,
604,korean,pear,1.635760349,,,,,,,,,
605,korean,zucchini,1.545036483,,,,,,,,,
606,korean,garlic,1.501342046,,,,,,,,,
607,korean,scallion,1.360364245,,,,,,,,,
608,korean,pinenuts,1.356020486,,,,,,,,,
609,korean,gochugaru,1.285185887,,,,,,,,,
610,korean,cake,1.215956945,,,,,,,,,
611,korean,ginger,1.12972078,,,,,,,,,
612,korean,sugar,1.119484135,,,,,,,,,
613,korean,onion,1.104030667,,,,,,,,,
614,korean,syrup,1.066652691,,,,,,,,,
615,korean,paste,1.044364467,,,,,,,,,
616,korean,doenzang,1.010148643,,,,,,,,,
617,korean,ulek,0.991729903,,,,,,,,,
618,korean,soy,0.968534475,,,,,,,,,
619,korean,daikon,0.924814636,,,,,,,,,
620,korean,base,0.922435354,,,,,,,,,
621,korean,kochujang,0.897989422,,,,,,,,,
622,korean,napa,0.887555863,,,,,,,,,
623,korean,glass,0.873786501,,,,,,,,,
624,korean,squid,0.868828633,,,,,,,,,
625,korean,top,0.867714943,,,,,,,,,
626,korean,rib,0.856234673,,,,,,,,,
627,korean,beef,0.853814949,,,,,,,,,
628,korean,kiwi,0.850641649,,,,,,,,,
629,korean,short,0.837300968,,,,,,,,,
630,korean,wing,0.811442375,,,,,,,,,
631,korean,cucumber,0.807502636,,,,,,,,,
632,korean,lettuce,0.786457493,,,,,,,,,
633,korean,carrot,0.778482622,,,,,,,,,
634,korean,ginseng,0.772384525,,,,,,,,,
635,korean,amino,0.753759581,,,,,,,,,
636,korean,splenda,-0.752334238,,,,,,,,,
637,korean,peanut,-0.779758897,,,,,,,,,
638,korean,ground,-0.787105583,,,,,,,,,
639,korean,oil,-0.795431246,,,,,,,,,
640,korean,soba,-0.831762991,,,,,,,,,
641,korean,pea,-0.879370836,,,,,,,,,
642,korean,cumin,-0.887790997,,,,,,,,,
643,korean,shaoxing,-0.916320454,,,,,,,,,
644,korean,almond,-0.949420082,,,,,,,,,
645,korean,hoisin,-1.006577884,,,,,,,,,
646,korean,lime,-1.052757027,,,,,,,,,
647,korean,tomato,-1.454625816,,,,,,,,,
648,korean,butter,-1.511388333,,,,,,,,,
649,korean,cilantro,-1.546382349,,,,,,,,,
650,mexican,tortilla,4.668212081,,,,,,,,,
651,mexican,taco,3.176065951,,,,,,,,,
652,mexican,salsa,2.589133394,,,,,,,,,
653,mexican,mexican,2.320982221,,,,,,,,,
654,mexican,tequila,2.257650283,,,,,,,,,
655,mexican,cumin,2.15152977,,,,,,,,,
656,mexican,enchilada,2.0630332,,,,,,,,,
657,mexican,lime,1.903963664,,,,,,,,,
658,mexican,jicama,1.847328833,,,,,,,,,
659,mexican,chile,1.806487669,,,,,,,,,
660,mexican,chipotle,1.787599063,,,,,,,,,
661,mexican,chilies,1.708927434,,,,,,,,,
662,mexican,masa,1.685251112,,,,,,,,,
663,mexican,cilantro,1.674233177,,,,,,,,,
664,mexican,piloncillo,1.623422614,,,,,,,,,
665,mexican,avocado,1.598063615,,,,,,,,,
666,mexican,jack,1.582468054,,,,,,,,,
667,mexican,tomatillo,1.438661454,,,,,,,,,
668,mexican,cotija,1.388319769,,,,,,,,,
669,mexican,corn,1.372525319,,,,,,,,,
670,mexican,mole,1.369364086,,,,,,,,,
671,mexican,achiote,1.345756159,,,,,,,,,
672,mexican,picante,1.342907029,,,,,,,,,
673,mexican,poblano,1.29470961,,,,,,,,,
674,mexican,chayotes,1.255035783,,,,,,,,,
675,mexican,mexicorn,1.233378217,,,,,,,,,
676,mexican,chili,1.206415779,,,,,,,,,
677,mexican,guajillo,1.193723853,,,,,,,,,
678,mexican,queso,1.146066407,,,,,,,,,
679,mexican,cajeta,1.130362987,,,,,,,,,
680,mexican,ancho,1.123684711,,,,,,,,,
681,mexican,pasilla,1.121375847,,,,,,,,,
682,mexican,ranch,1.100943097,,,,,,,,,
683,mexican,cheese,1.075014769,,,,,,,,,
684,mexican,oregano,1.058031285,,,,,,,,,
685,mexican,pea,-1.065280019,,,,,,,,,
686,mexican,grit,-1.066251284,,,,,,,,,
687,mexican,coconut,-1.069394226,,,,,,,,,
688,mexican,tumeric,-1.077658649,,,,,,,,,
689,mexican,starch,-1.148822224,,,,,,,,,
690,mexican,liver,-1.166881938,,,,,,,,,
691,mexican,sugar,-1.176468232,,,,,,,,,
692,mexican,okra,-1.191027701,,,,,,,,,
693,mexican,crawfish,-1.209211271,,,,,,,,,
694,mexican,eggplant,-1.234246657,,,,,,,,,
695,mexican,fish,-1.249058703,,,,,,,,,
696,mexican,curry,-1.270261983,,,,,,,,,
697,mexican,thyme,-1.291002272,,,,,,,,,
698,mexican,rind,-1.323506294,,,,,,,,,
699,mexican,ginger,-2.394380821,,,,,,,,,
700,moroccan,couscous,2.431241401,,,,,,,,,
701,moroccan,harissa,2.155902271,,,,,,,,,
702,moroccan,preserved,2.08002222,,,,,,,,,
703,moroccan,cinnamon,2.072851076,,,,,,,,,
704,moroccan,cumin,1.985715941,,,,,,,,,
705,moroccan,olive,1.938647019,,,,,,,,,
706,moroccan,apricot,1.673108517,,,,,,,,,
707,moroccan,cilantro,1.563590642,,,,,,,,,
708,moroccan,paprika,1.467552316,,,,,,,,,
709,moroccan,flower,1.4265492,,,,,,,,,
710,moroccan,hanout,1.397322433,,,,,,,,,
711,moroccan,ra,1.397322433,,,,,,,,,
712,moroccan,merguez,1.390903514,,,,,,,,,
713,moroccan,semolina,1.296601555,,,,,,,,,
714,moroccan,tea,1.282573461,,,,,,,,,
715,moroccan,saffron,1.248288338,,,,,,,,,
716,moroccan,chickpea,1.224786137,,,,,,,,,
717,moroccan,date,1.223925658,,,,,,,,,
718,moroccan,mint,1.146095307,,,,,,,,,
719,moroccan,parsley,1.136006622,,,,,,,,,
720,moroccan,lamb,1.116864159,,,,,,,,,
721,moroccan,garbanzo,1.078733695,,,,,,,,,
722,moroccan,coriander,1.056052246,,,,,,,,,
723,moroccan,lemon,1.038253838,,,,,,,,,
724,moroccan,turnip,0.991285618,,,,,,,,,
725,moroccan,hand,0.962540169,,,,,,,,,
726,moroccan,caraway,0.89318241,,,,,,,,,
727,moroccan,squash,0.89181772,,,,,,,,,
728,moroccan,prune,0.888904067,,,,,,,,,
729,moroccan,currant,0.888252047,,,,,,,,,
730,moroccan,butternut,0.887157837,,,,,,,,,
731,moroccan,almond,0.863694296,,,,,,,,,
732,moroccan,lentil,0.850036172,,,,,,,,,
733,moroccan,honey,0.820141698,,,,,,,,,
734,moroccan,rose,0.816563266,,,,,,,,,
735,moroccan,carrot,0.812141731,,,,,,,,,
736,moroccan,tumeric,0.811876326,,,,,,,,,
737,moroccan,shrimp,-0.756244235,,,,,,,,,
738,moroccan,chilies,-0.759561903,,,,,,,,,
739,moroccan,peeled,-0.79587677,,,,,,,,,
740,moroccan,powder,-0.853746197,,,,,,,,,
741,moroccan,pea,-0.858093678,,,,,,,,,
742,moroccan,cream,-0.859246558,,,,,,,,,
743,moroccan,vinegar,-0.897299628,,,,,,,,,
744,moroccan,canned,-1.002084999,,,,,,,,,
745,moroccan,rice,-1.059201205,,,,,,,,,
746,moroccan,mustard,-1.083136782,,,,,,,,,
747,moroccan,tahini,-1.110017584,,,,,,,,,
748,moroccan,milk,-1.121344436,,,,,,,,,
749,moroccan,lime,-1.132668297,,,,,,,,,
750,russian,kasha,1.64560825,,,,,,,,,
751,russian,dill,1.628897069,,,,,,,,,
752,russian,pierogi,1.579770599,,,,,,,,,
753,russian,cottage,1.576050473,,,,,,,,,
754,russian,sauerkraut,1.493485346,,,,,,,,,
755,russian,sour,1.477744131,,,,,,,,,
756,russian,beet,1.360131754,,,,,,,,,
757,russian,cabbage,1.226989583,,,,,,,,,
758,russian,buckwheat,1.113571162,,,,,,,,,
759,russian,caviar,1.107538259,,,,,,,,,
760,russian,squirt,1.100253882,,,,,,,,,
761,russian,hungarian,1.066475662,,,,,,,,,
762,russian,dillweed,1.034508329,,,,,,,,,
763,russian,farmer,0.971673194,,,,,,,,,
764,russian,gherkin,0.943141223,,,,,,,,,
765,russian,hoop,0.929649456,,,,,,,,,
766,russian,stevia,0.907111937,,,,,,,,,
767,russian,vinegar,0.849497525,,,,,,,,,
768,russian,rye,0.84268955,,,,,,,,,
769,russian,groat,0.828002928,,,,,,,,,
770,russian,potato,0.806184079,,,,,,,,,
771,russian,dash,0.802452235,,,,,,,,,
772,russian,mrs,0.802452235,,,,,,,,,
773,russian,poppy,0.795820276,,,,,,,,,
774,russian,boiled,0.785895023,,,,,,,,,
775,russian,russian,0.766802676,,,,,,,,,
776,russian,agar,0.723308616,,,,,,,,,
777,russian,poussin,0.718834434,,,,,,,,,
778,russian,brussels,0.718106551,,,,,,,,,
779,russian,sirloin,0.716681777,,,,,,,,,
780,russian,applesauce,0.702161463,,,,,,,,,
781,russian,raisin,0.687692311,,,,,,,,,
782,russian,egg,0.68482632,,,,,,,,,
783,russian,tomato,0.678630971,,,,,,,,,
784,russian,sorrel,0.657353674,,,,,,,,,
785,russian,rasher,0.652925285,,,,,,,,,
786,russian,steak,0.652196425,,,,,,,,,
787,russian,kefir,0.649718316,,,,,,,,,
788,russian,marjoram,0.644881309,,,,,,,,,
789,russian,herring,0.643877862,,,,,,,,,
790,russian,crumb,0.641419704,,,,,,,,,
791,russian,cool,0.631556275,,,,,,,,,
792,russian,vegetable,0.625378379,,,,,,,,,
793,russian,canning,0.614160738,,,,,,,,,
794,russian,brown,-0.629324946,,,,,,,,,
795,russian,pear,-0.662950055,,,,,,,,,
796,russian,peanut,-0.706676789,,,,,,,,,
797,russian,garlic,-0.725020212,,,,,,,,,
798,russian,green,-0.728649639,,,,,,,,,
799,russian,brisket,-0.894991461,,,,,,,,,
800,southern_us,grit,3.880720082,,,,,,,,,
801,southern_us,collard,2.990624393,,,,,,,,,
802,southern_us,eyed,2.864680864,,,,,,,,,
803,southern_us,buttermilk,2.249537035,,,,,,,,,
804,southern_us,peach,2.148640621,,,,,,,,,
805,southern_us,vidalia,2.073719317,,,,,,,,,
806,southern_us,wafer,2.010658684,,,,,,,,,
807,southern_us,barbecue,1.992825358,,,,,,,,,
808,southern_us,pecan,1.94766526,,,,,,,,,
809,southern_us,bag,1.875162365,,,,,,,,,
810,southern_us,biscuit,1.856021277,,,,,,,,,
811,southern_us,bourbon,1.852834125,,,,,,,,,
812,southern_us,peanut,1.771601519,,,,,,,,,
813,southern_us,key,1.769925945,,,,,,,,,
814,southern_us,cornmeal,1.75675816,,,,,,,,,
815,southern_us,bacon,1.732161018,,,,,,,,,
816,southern_us,catfish,1.70486631,,,,,,,,,
817,southern_us,piecrusts,1.361691561,,,,,,,,,
818,southern_us,daniel,1.340811609,,,,,,,,,
819,southern_us,sweet,1.340009691,,,,,,,,,
820,southern_us,marshmallow,1.328560152,,,,,,,,,
821,southern_us,saltine,1.326319776,,,,,,,,,
822,southern_us,whiskey,1.312206194,,,,,,,,,
823,southern_us,meal,1.304383559,,,,,,,,,
824,southern_us,sharp,1.273453808,,,,,,,,,
825,southern_us,cornbread,1.251836166,,,,,,,,,
826,southern_us,pimento,1.242515497,,,,,,,,,
827,southern_us,breakfast,1.238726957,,,,,,,,,
828,southern_us,piecrust,1.194266653,,,,,,,,,
829,southern_us,crawfish,1.191376604,,,,,,,,,
830,southern_us,cola,1.185277127,,,,,,,,,
831,southern_us,cracker,1.181803995,,,,,,,,,
832,southern_us,watermelon,1.176891712,,,,,,,,,
833,southern_us,lima,1.162101668,,,,,,,,,
834,southern_us,powder,1.148653165,,,,,,,,,
835,southern_us,turnip,1.139307704,,,,,,,,,
836,southern_us,macaroni,1.136784481,,,,,,,,,
837,southern_us,shucked,1.105669064,,,,,,,,,
838,southern_us,graham,1.102373205,,,,,,,,,
839,southern_us,jerk,-1.109619653,,,,,,,,,
840,southern_us,spinach,-1.122295458,,,,,,,,,
841,southern_us,irish,-1.146982546,,,,,,,,,
842,southern_us,date,-1.208874217,,,,,,,,,
843,southern_us,paste,-1.216717646,,,,,,,,,
844,southern_us,sprinkle,-1.258764351,,,,,,,,,
845,southern_us,breast,-1.283917455,,,,,,,,,
846,southern_us,cilantro,-1.366868276,,,,,,,,,
847,southern_us,soy,-1.441339248,,,,,,,,,
848,southern_us,caper,-1.527541837,,,,,,,,,
849,southern_us,tortilla,-1.693499234,,,,,,,,,
850,spanish,sherry,2.099833298,,,,,,,,,
851,spanish,chorizo,2.074497967,,,,,,,,,
852,spanish,manchego,1.945383446,,,,,,,,,
853,spanish,saffron,1.541192275,,,,,,,,,
854,spanish,paprika,1.347414919,,,,,,,,,
855,spanish,cucumber,1.329302853,,,,,,,,,
856,spanish,fideos,1.299627535,,,,,,,,,
857,spanish,olive,1.260896409,,,,,,,,,
858,spanish,converted,1.250778258,,,,,,,,,
859,spanish,pimenton,1.187845106,,,,,,,,,
860,spanish,rioja,1.159523765,,,,,,,,,
861,spanish,egg,1.087808314,,,,,,,,,
862,spanish,salsa,1.069171529,,,,,,,,,
863,spanish,spanish,1.021839602,,,,,,,,,
864,spanish,club,1.015673197,,,,,,,,,
865,spanish,potato,0.998419342,,,,,,,,,
866,spanish,pimento,0.994302451,,,,,,,,,
867,spanish,wine,0.991545659,,,,,,,,,
868,spanish,seltzer,0.849630629,,,,,,,,,
869,spanish,brandy,0.840631264,,,,,,,,,
870,spanish,ham,0.835876701,,,,,,,,,
871,spanish,kirsch,0.823827813,,,,,,,,,
872,spanish,sangria,0.818312924,,,,,,,,,
873,spanish,tomato,0.795714663,,,,,,,,,
874,spanish,crouton,0.792614484,,,,,,,,,
875,spanish,pinenuts,0.790057648,,,,,,,,,
876,spanish,virgin,0.781963436,,,,,,,,,
877,spanish,codfish,0.753629435,,,,,,,,,
878,spanish,tuna,0.746828648,,,,,,,,,
879,spanish,aged,0.745708542,,,,,,,,,
880,spanish,peach,0.731482675,,,,,,,,,
881,spanish,clove,0.72017882,,,,,,,,,
882,spanish,piquillo,0.713946445,,,,,,,,,
883,spanish,anaheim,0.709304853,,,,,,,,,
884,spanish,paella,0.705519645,,,,,,,,,
885,spanish,papaya,0.700234767,,,,,,,,,
886,spanish,pea,0.699537585,,,,,,,,,
887,spanish,dry,0.697153626,,,,,,,,,
888,spanish,orange,0.688635314,,,,,,,,,
889,spanish,ciabatta,-0.69494807,,,,,,,,,
890,spanish,bass,-0.708434734,,,,,,,,,
891,spanish,kalamata,-0.721956224,,,,,,,,,
892,spanish,coriander,-0.739596266,,,,,,,,,
893,spanish,crabmeat,-0.755099749,,,,,,,,,
894,spanish,peanut,-0.766739199,,,,,,,,,
895,spanish,mustard,-0.786092238,,,,,,,,,
896,spanish,margarine,-0.794549762,,,,,,,,,
897,spanish,butter,-0.856526695,,,,,,,,,
898,spanish,celery,-0.898146347,,,,,,,,,
899,spanish,ginger,-1.058398171,,,,,,,,,
900,thai,palm,2.594341356,,,,,,,,,
901,thai,thai,2.192064466,,,,,,,,,
902,thai,cilantro,2.048487813,,,,,,,,,
903,thai,lemongrass,1.918551435,,,,,,,,,
904,thai,curry,1.907113268,,,,,,,,,
905,thai,peanut,1.885924566,,,,,,,,,
906,thai,sauce,1.837678477,,,,,,,,,
907,thai,basil,1.774336228,,,,,,,,,
908,thai,red,1.542600259,,,,,,,,,
909,thai,chunky,1.533617654,,,,,,,,,
910,thai,fish,1.522739063,,,,,,,,,
911,thai,coconut,1.480903131,,,,,,,,,
912,thai,linguine,1.474770989,,,,,,,,,
913,thai,sweet,1.386500025,,,,,,,,,
914,thai,galangal,1.36946759,,,,,,,,,
915,thai,jasmine,1.31123254,,,,,,,,,
916,thai,lean,1.284248437,,,,,,,,,
917,thai,grass,1.280582041,,,,,,,,,
918,thai,sticky,1.255019041,,,,,,,,,
919,thai,jalapeno,1.241287247,,,,,,,,,
920,thai,lime,1.205132166,,,,,,,,,
921,thai,unsweetened,1.173932841,,,,,,,,,
922,thai,creamy,1.161929539,,,,,,,,,
923,thai,coriander,1.144914689,,,,,,,,,
924,thai,wide,1.134052534,,,,,,,,,
925,thai,paste,1.129016221,,,,,,,,,
926,thai,salmon,1.093383971,,,,,,,,,
927,thai,tamarind,1.063684461,,,,,,,,,
928,thai,tapioca,1.016386432,,,,,,,,,
929,thai,grained,1,,,,,,,,,
930,thai,milk,0.984842817,,,,,,,,,
931,thai,pod,0.915334069,,,,,,,,,
932,thai,kaffir,0.904502663,,,,,,,,,
933,thai,jif,0.873050907,,,,,,,,,
934,thai,vegetable,0.871881593,,,,,,,,,
935,thai,cooking,0.858965962,,,,,,,,,
936,thai,flour,-0.871728939,,,,,,,,,
937,thai,bouillon,-0.883839193,,,,,,,,,
938,thai,vermicelli,-0.89028829,,,,,,,,,
939,thai,dill,-0.907940131,,,,,,,,,
940,thai,beef,-0.9439608,,,,,,,,,
941,thai,bay,-0.960986245,,,,,,,,,
942,thai,pepper,-0.993097512,,,,,,,,,
943,thai,onion,-1.032435567,,,,,,,,,
944,thai,vietnamese,-1.261547722,,,,,,,,,
945,thai,glass,-1.323487263,,,,,,,,,
946,thai,black,-1.332893197,,,,,,,,,
947,thai,hoisin,-1.361396841,,,,,,,,,
948,thai,tomato,-1.521301693,,,,,,,,,
949,thai,potato,-1.693294786,,,,,,,,,
950,vietnamese,vietnamese,2.186400643,,,,,,,,,
951,vietnamese,fish,2.078964667,,,,,,,,,
952,vietnamese,nuoc,1.539659219,,,,,,,,,
953,vietnamese,baguette,1.487321295,,,,,,,,,
954,vietnamese,lemongrass,1.462688344,,,,,,,,,
955,vietnamese,hoisin,1.282501253,,,,,,,,,
956,vietnamese,tapioca,1.201350125,,,,,,,,,
957,vietnamese,sauce,1.176266242,,,,,,,,,
958,vietnamese,shallot,1.144371584,,,,,,,,,
959,vietnamese,maggi,1.115259406,,,,,,,,,
960,vietnamese,cutlet,1.103623996,,,,,,,,,
961,vietnamese,paper,1.099682582,,,,,,,,,
962,vietnamese,beansprouts,1.094742061,,,,,,,,,
963,vietnamese,carrot,1.026982335,,,,,,,,,
964,vietnamese,yellow,1.022350365,,,,,,,,,
965,vietnamese,sugar,1.019810409,,,,,,,,,
966,vietnamese,cilantro,1.016177823,,,,,,,,,
967,vietnamese,lettuce,0.999748674,,,,,,,,,
968,vietnamese,roll,0.995627427,,,,,,,,,
969,vietnamese,oxtail,0.981672586,,,,,,,,,
970,vietnamese,jerky,0.980368508,,,,,,,,,
971,vietnamese,grass,0.977288669,,,,,,,,,
972,vietnamese,mung,0.976796232,,,,,,,,,
973,vietnamese,noodle,0.952781111,,,,,,,,,
974,vietnamese,daikon,0.946250882,,,,,,,,,
975,vietnamese,warm,0.919521173,,,,,,,,,
976,vietnamese,caramel,0.917434904,,,,,,,,,
977,vietnamese,snow,0.914325667,,,,,,,,,
978,vietnamese,thin,0.914092169,,,,,,,,,
979,vietnamese,basil,0.912792757,,,,,,,,,
980,vietnamese,anise,0.911520691,,,,,,,,,
981,vietnamese,coffee,0.886431808,,,,,,,,,
982,vietnamese,hero,0.880048977,,,,,,,,,
983,vietnamese,rice,0.851090066,,,,,,,,,
984,vietnamese,cucumber,0.847299003,,,,,,,,,
985,vietnamese,canola,0.846330465,,,,,,,,,
986,vietnamese,ear,0.825619265,,,,,,,,,
987,vietnamese,tumeric,0.823204098,,,,,,,,,
988,vietnamese,tilapia,0.817509913,,,,,,,,,
989,vietnamese,catfish,0.790404824,,,,,,,,,
990,vietnamese,cauliflower,0.784582975,,,,,,,,,
991,vietnamese,sweetened,0.776997123,,,,,,,,,
992,vietnamese,gingerroot,-0.78086235,,,,,,,,,
993,vietnamese,bell,-0.794190402,,,,,,,,,
994,vietnamese,tamarind,-0.819848294,,,,,,,,,
995,vietnamese,cheese,-0.826164759,,,,,,,,,
996,vietnamese,chunky,-0.887497789,,,,,,,,,
997,vietnamese,spinach,-1.012523528,,,,,,,,,
998,vietnamese,chive,-1.057020185,,,,,,,,,
999,vietnamese,cherry,-1.083349751,,,,,,,,,
